ota_hotel_id,master_id,room_name,rg_hash,count_rg_hash,allotment,bedding_type,beds,bedding_data,multi_bed_data,capacity,price_rub_min,price_rub_max,url
grand_baikal,8481257,Одноместный номер Standard с красивым видом из окна,3202001000U,1,1,,,"[""nobedding""]",,1,7169.00,7169.00,https://ostrovok.ru/hotel/russia/western_siberia_irkutsk_oblast_multi/mid8481257/grand_baikal
evropa_hotel,7828771,Одноместный номер Economy,3102001,6,1,,,"[""nobedding""]",,1,3900.00,6100.00,https://ostrovok.ru/hotel/russia/western_siberia_irkutsk_oblast_multi/mid7828771/evropa_hotel
evropa_hotel,7828771,Одноместный номер Standard,3202001,6,2,,,"[""nobedding""]",,1,4700.00,6900.00,https://ostrovok.ru/hotel/russia/western_siberia_irkutsk_oblast_multi/mid7828771/evropa_hotel
evropa_hotel,7828771,Двухместный номер Standard (2 отдельные кровати),3202402,6,2,2 отдельные кровати,"[""2 отдельные кровати""]","[""twin""]","[{""bed"": ""single"", ""count"": 2}]",2,5100.00,7300.00,https://ostrovok.ru/hotel/russia/western_siberia_irkutsk_oblast_multi/mid7828771/evropa_hotel
evropa_hotel,7828771,Двухместный номер Standard (двуспальная кровать),3202302,6,2,двуспальная кровать,"[""двуспальная кровать""]","[""double""]","[{""bed"": ""double"", ""count"": 1}]",2,5100.00,7300.00,https://ostrovok.ru/hotel/russia/western_siberia_irkutsk_oblast_multi/mid7828771/evropa_hotel
evropa_hotel,7828771,Одноместный номер Superior,3502001,6,5,,,"[""nobedding""]",,1,6000.00,8200.00,https://ostrovok.ru/hotel/russia/western_siberia_irkutsk_oblast_multi/mid7828771/evropa_hotel
evropa_hotel,7828771,Двухместный номер Comfort (двуспальная кровать),3302302,4,2,двуспальная кровать,"[""двуспальная кровать""]","[""double""]","[{""bed"": ""double"", ""count"": 1}]",2,9103.50,11400.00,https://ostrovok.ru/hotel/russia/western_siberia_irkutsk_oblast_multi/mid7828771/evropa_hotel
evropa_hotel,7828771,Двухместный Джуниор сьют (двуспальная кровать),4002302,4,1,двуспальная кровать,"[""двуспальная кровать""]","[""double""]","[{""bed"": ""double"", ""count"": 1}]",2,9996.00,12400.00,https://ostrovok.ru/hotel/russia/western_siberia_irkutsk_oblast_multi/mid7828771/evropa_hotel
evropa_hotel,7828771,Двухместный номер Comfort Modern с видом на город (двуспальная кровать),36023020005,4,1,двуспальная кровать,"[""двуспальная кровать""]","[""double""]","[{""bed"": ""double"", ""count"": 1}]",2,11156.25,13700.00,https://ostrovok.ru/hotel/russia/western_siberia_irkutsk_oblast_multi/mid7828771/evropa_hotel
evropa_hotel,7828771,Двухместный номер Comfort Modern с видом на город (2 отдельные кровати),36024020005,4,1,2 отдельные кровати,"[""2 отдельные кровати""]","[""twin""]","[{""bed"": ""single"", ""count"": 2}]",2,11156.25,13700.00,https://ostrovok.ru/hotel/russia/western_siberia_irkutsk_oblast_multi/mid7828771/evropa_hotel
irkutsk_city_center,13384478,Двухместный номер Business Deluxe (2 отдельные кровати),3602412,4,24,2 отдельные кровати,"[""2 отдельные кровати""]","[""twin""]","[{""bed"": ""single"", ""count"": 2}]",2,8100.00,9100.00,https://ostrovok.ru/hotel/russia/western_siberia_irkutsk_oblast_multi/mid13384478/irkutsk_city_center
irkutsk_city_center,13384478,Двухместный номер Business Deluxe (двуспальная кровать),3602312,4,9,двуспальная кровать,"[""двуспальная кровать""]","[""double""]","[{""bed"": ""double"", ""count"": 1}]",2,8900.00,9900.00,https://ostrovok.ru/hotel/russia/western_siberia_irkutsk_oblast_multi/mid13384478/irkutsk_city_center
irkutsk_city_center,13384478,Двухместный номер Business Grand Deluxe (двуспальная кровать) (кровать king size),3D02312,4,1,двуспальная кровать,"[""двуспальная кровать""]","[""double""]","[{""bed"": ""double"", ""count"": 1}]",2,10100.00,11100.00,https://ostrovok.ru/hotel/russia/western_siberia_irkutsk_oblast_multi/mid13384478/irkutsk_city_center
irkutsk_city_center,13384478,Двухместный люкс (двуспальная кровать),5002302,4,2,двуспальная кровать,"[""двуспальная кровать""]","[""double""]","[{""bed"": ""double"", ""count"": 1}]",2,12100.00,13100.00,https://ostrovok.ru/hotel/russia/western_siberia_irkutsk_oblast_multi/mid13384478/irkutsk_city_center
irkutsk_city_center,13384478,Двухместный люкс Business (двуспальная кровать) (кровать king size),5002312,4,1,двуспальная кровать,"[""двуспальная кровать""]","[""double""]","[{""bed"": ""double"", ""count"": 1}]",2,14100.00,15100.00,https://ostrovok.ru/hotel/russia/western_siberia_irkutsk_oblast_multi/mid13384478/irkutsk_city_center
yakovlev_hotel,8742012,Двухместный номер Standard (двуспальная кровать),3202302,6,1,двуспальная кровать,"[""двуспальная кровать""]","[""double""]","[{""bed"": ""double"", ""count"": 1}]",2,2400.00,3750.00,https://ostrovok.ru/hotel/russia/western_siberia_irkutsk_oblast_multi/mid8742012/yakovlev_hotel
yakovlev_hotel,8742012,Трёхместный семейный номер Standard,3202013,6,2,,,"[""nobedding""]",,3,2400.00,3750.00,https://ostrovok.ru/hotel/russia/western_siberia_irkutsk_oblast_multi/mid8742012/yakovlev_hotel
yakovlev_hotel,8742012,Двухместный номер Standard (2 отдельные кровати),3202402,6,10,2 отдельные кровати,"[""2 отдельные кровати""]","[""twin""]","[{""bed"": ""single"", ""count"": 2}]",2,2400.00,3750.00,https://ostrovok.ru/hotel/russia/western_siberia_irkutsk_oblast_multi/mid8742012/yakovlev_hotel
yakovlev_hotel,8742012,Трёхместные апартаменты,6002003,4,1,,,"[""nobedding""]",,3,5000.00,6250.00,https://ostrovok.ru/hotel/russia/western_siberia_irkutsk_oblast_multi/mid8742012/yakovlev_hotel
tajga_hotel,9767827,Одноместный номер Стандартный с видом на внутренний двор,32020010006,4,1,,,"[""nobedding""]",,1,4200.00,5000.00,https://ostrovok.ru/hotel/russia/western_siberia_irkutsk_oblast_multi/mid9767827/tajga_hotel
tajga_hotel,9767827,Двухместный номер Стандартный с видом на внутренний двор (двуспальная кровать),32023020006,4,1,двуспальная кровать,"[""двуспальная кровать""]","[""double""]","[{""bed"": ""double"", ""count"": 1}]",2,4800.00,5500.00,https://ostrovok.ru/hotel/russia/western_siberia_irkutsk_oblast_multi/mid9767827/tajga_hotel
tajga_hotel,9767827,Двухместный номер Стандартный (2 отдельные кровати),3202402,4,3,2 отдельные кровати,"[""2 отдельные кровати""]","[""twin""]","[{""bed"": ""single"", ""count"": 2}]",2,5400.00,6100.00,https://ostrovok.ru/hotel/russia/western_siberia_irkutsk_oblast_multi/mid9767827/tajga_hotel
tajga_hotel,9767827,Двухместный номер Стандартный (двуспальная кровать),3202302,4,3,двуспальная кровать,"[""двуспальная кровать""]","[""double""]","[{""bed"": ""double"", ""count"": 1}]",2,5400.00,6100.00,https://ostrovok.ru/hotel/russia/western_siberia_irkutsk_oblast_multi/mid9767827/tajga_hotel
tajga_hotel,9767827,Двухместный Джуниор Сюит (двуспальная кровать и диван),4002302,4,1,двуспальная кровать и диван,"[""двуспальная кровать"", ""диван""]","[""double""]","[{""bed"": ""double"", ""count"": 1}]",3,5800.00,6500.00,https://ostrovok.ru/hotel/russia/western_siberia_irkutsk_oblast_multi/mid9767827/tajga_hotel
tajga_hotel,9767827,Двухместный Джуниор Сюит (2 отдельные кровати и диван),4002402,4,1,2 отдельные кровати и диван,"[""2 отдельные кровати"", ""диван""]","[""sofa-bed""]","[{""bed"": ""single"", ""count"": 2}]",3,5800.00,6500.00,https://ostrovok.ru/hotel/russia/western_siberia_irkutsk_oblast_multi/mid9767827/tajga_hotel
tajga_hotel,9767827,Двухместный Джуниор Сюит Дизайнерский с видом на город (двуспальная кровать) (кровать king size),4B023020005,4,2,двуспальная кровать,"[""двуспальная кровать""]","[""double""]","[{""bed"": ""double"", ""count"": 1}]",2,8800.00,9500.00,https://ostrovok.ru/hotel/russia/western_siberia_irkutsk_oblast_multi/mid9767827/tajga_hotel
bajkal_hotel,7965294,Двухместный номер Deluxe (двуспальная кровать) (кровать king size),3602302,2,9,двуспальная кровать,"[""двуспальная кровать""]","[""double""]","[{""bed"": ""double"", ""count"": 1}]",2,11000.00,11000.00,https://ostrovok.ru/hotel/russia/western_siberia_irkutsk_oblast_multi/mid7965294/bajkal_hotel
bajkal_hotel,7965294,Двухместный номер Deluxe (2 отдельные кровати),3602402,2,9,2 отдельные кровати,"[""2 отдельные кровати""]","[""twin""]","[{""bed"": ""single"", ""count"": 2}]",2,11000.00,11000.00,https://ostrovok.ru/hotel/russia/western_siberia_irkutsk_oblast_multi/mid7965294/bajkal_hotel
bajkal_hotel,7965294,Двухместный номер Deluxe с видом на озеро (2 отдельные кровати),3602402000D,2,14,2 отдельные кровати,"[""2 отдельные кровати""]","[""twin""]","[{""bed"": ""single"", ""count"": 2}]",2,13000.00,13000.00,https://ostrovok.ru/hotel/russia/western_siberia_irkutsk_oblast_multi/mid7965294/bajkal_hotel
bajkal_hotel,7965294,Двухместный номер Deluxe с видом на озеро (двуспальная кровать) (кровать king size),3602302000D,2,11,двуспальная кровать,"[""двуспальная кровать""]","[""double""]","[{""bed"": ""double"", ""count"": 1}]",2,13000.00,13000.00,https://ostrovok.ru/hotel/russia/western_siberia_irkutsk_oblast_multi/mid7965294/bajkal_hotel
bajkal_hotel,7965294,Люкс,5002,2,1,,,"[""nobedding""]",,1,23000.00,23000.00,https://ostrovok.ru/hotel/russia/western_siberia_irkutsk_oblast_multi/mid7965294/bajkal_hotel
angara_hotel,7806182,Одноместный номер Standard,3202001,4,3,,,"[""nobedding""]",,1,4250.00,4500.00,https://ostrovok.ru/hotel/russia/western_siberia_irkutsk_oblast_multi/mid7806182/angara_hotel
angara_hotel,7806182,Двухместный номер Standard (2 отдельные кровати),3202402,4,3,2 отдельные кровати,"[""2 отдельные кровати""]","[""twin""]","[{""bed"": ""single"", ""count"": 2}]",2,4750.00,5900.00,https://ostrovok.ru/hotel/russia/western_siberia_irkutsk_oblast_multi/mid7806182/angara_hotel
angara_hotel,7806182,Одноместный номер Business,3402001,4,2,,,"[""nobedding""]",,1,4750.00,5000.00,https://ostrovok.ru/hotel/russia/western_siberia_irkutsk_oblast_multi/mid7806182/angara_hotel
angara_hotel,7806182,Двухместный номер Business (двуспальная кровать),3402302,4,4,двуспальная кровать,"[""двуспальная кровать""]","[""double""]","[{""bed"": ""double"", ""count"": 1}]",2,5250.00,5500.00,https://ostrovok.ru/hotel/russia/western_siberia_irkutsk_oblast_multi/mid7806182/angara_hotel
angara_hotel,7806182,Двухместный номер Business (2 отдельные кровати),3402402,4,3,2 отдельные кровати,"[""2 отдельные кровати""]","[""twin""]","[{""bed"": ""single"", ""count"": 2}]",2,5250.00,5500.00,https://ostrovok.ru/hotel/russia/western_siberia_irkutsk_oblast_multi/mid7806182/angara_hotel
angara_hotel,7806182,Двухместный Джуниор Сюит (двуспальная кровать) (кровать queen size),4002302,4,2,двуспальная кровать,"[""двуспальная кровать""]","[""double""]","[{""bed"": ""double"", ""count"": 1}]",2,6850.00,7100.00,https://ostrovok.ru/hotel/russia/western_siberia_irkutsk_oblast_multi/mid7806182/angara_hotel
angara_hotel,7806182,Двухместный люкс с красивым видом из окна (двуспальная кровать) (кровать queen size),5002302000U,4,2,двуспальная кровать,"[""двуспальная кровать""]","[""double""]","[{""bed"": ""double"", ""count"": 1}]",2,7850.00,8100.00,https://ostrovok.ru/hotel/russia/western_siberia_irkutsk_oblast_multi/mid7806182/angara_hotel
hotel_nuur_hotel,13174758,"Двухместные апартаменты (двуспальная кровать) (кровать king size, терраса)",6002302,4,1,двуспальная кровать,"[""двуспальная кровать""]","[""double""]","[{""bed"": ""double"", ""count"": 1}]",2,14990.00,15300.00,https://ostrovok.ru/hotel/russia/western_siberia_irkutsk_oblast_multi/mid13174758/hotel_nuur_hotel
vera_baikal,13308776,Двухместный номер Standard (двуспальная кровать),3202302,2,4,двуспальная кровать,"[""двуспальная кровать""]","[""double""]","[{""bed"": ""double"", ""count"": 1}]",2,5700.00,5700.00,https://ostrovok.ru/hotel/russia/western_siberia_irkutsk_oblast_multi/mid13308776/vera_baikal
vera_baikal,13308776,Двухместный номер Standard (2 отдельные кровати),3202402,2,4,2 отдельные кровати,"[""2 отдельные кровати""]","[""twin""]","[{""bed"": ""single"", ""count"": 2}]",2,5700.00,5700.00,https://ostrovok.ru/hotel/russia/western_siberia_irkutsk_oblast_multi/mid13308776/vera_baikal
vera_baikal,13308776,Двухместный полулюкс (2 отдельные кровати),4002402,2,2,2 отдельные кровати,"[""2 отдельные кровати""]","[""twin""]","[{""bed"": ""single"", ""count"": 2}]",2,6745.00,6745.00,https://ostrovok.ru/hotel/russia/western_siberia_irkutsk_oblast_multi/mid13308776/vera_baikal
vera_baikal,13308776,Двухместный полулюкс (двуспальная кровать),4002302,2,2,двуспальная кровать,"[""двуспальная кровать""]","[""double""]","[{""bed"": ""double"", ""count"": 1}]",2,6745.00,6745.00,https://ostrovok.ru/hotel/russia/western_siberia_irkutsk_oblast_multi/mid13308776/vera_baikal
vera_baikal,13308776,Двухместные апартаменты Дуплекс (двуспальная кровать),600230200002,2,10,двуспальная кровать,"[""двуспальная кровать""]","[""double""]","[{""bed"": ""double"", ""count"": 1}]",2,9215.00,9215.00,https://ostrovok.ru/hotel/russia/western_siberia_irkutsk_oblast_multi/mid13308776/vera_baikal
vera_baikal,13308776,Двухместный люкс с красивым видом из окна (двуспальная кровать),5002302000U,2,2,двуспальная кровать,"[""двуспальная кровать""]","[""double""]","[{""bed"": ""double"", ""count"": 1}]",2,16910.00,16910.00,https://ostrovok.ru/hotel/russia/western_siberia_irkutsk_oblast_multi/mid13308776/vera_baikal
baikal_forest_hotel,9825031,Двухместный номер Deluxe (2 отдельные кровати),3602402,4,19,2 отдельные кровати,"[""2 отдельные кровати""]","[""twin""]","[{""bed"": ""single"", ""count"": 2}]",2,5800.00,7000.00,https://ostrovok.ru/hotel/russia/western_siberia_irkutsk_oblast_multi/mid9825031/baikal_forest_hotel
baikal_forest_hotel,9825031,Двухместный номер Deluxe (двуспальная кровать),3602302,4,19,двуспальная кровать,"[""двуспальная кровать""]","[""double""]","[{""bed"": ""double"", ""count"": 1}]",2,5800.00,7000.00,https://ostrovok.ru/hotel/russia/western_siberia_irkutsk_oblast_multi/mid9825031/baikal_forest_hotel
baikal_forest_hotel,9825031,Двухместный номер Deluxe View с панорамным видом на город (двуспальная кровать),37023020005,4,6,двуспальная кровать,"[""двуспальная кровать""]","[""double""]","[{""bed"": ""double"", ""count"": 1}]",2,6048.00,7500.00,https://ostrovok.ru/hotel/russia/western_siberia_irkutsk_oblast_multi/mid9825031/baikal_forest_hotel
baikal_forest_hotel,9825031,Двухместный номер Deluxe View с панорамным видом на город (2 отдельные кровати),37024020005,4,6,2 отдельные кровати,"[""2 отдельные кровати""]","[""twin""]","[{""bed"": ""single"", ""count"": 2}]",2,6048.00,7500.00,https://ostrovok.ru/hotel/russia/western_siberia_irkutsk_oblast_multi/mid9825031/baikal_forest_hotel
baikal_forest_hotel,9825031,Двухместный номер Grand Deluxe (2 отдельные кровати),3D02402,4,15,2 отдельные кровати,"[""2 отдельные кровати""]","[""twin""]","[{""bed"": ""single"", ""count"": 2}]",2,6528.00,7680.00,https://ostrovok.ru/hotel/russia/western_siberia_irkutsk_oblast_multi/mid9825031/baikal_forest_hotel
baikal_forest_hotel,9825031,Двухместный номер Grand Deluxe (двуспальная кровать),3D02302,4,15,двуспальная кровать,"[""двуспальная кровать""]","[""double""]","[{""bed"": ""double"", ""count"": 1}]",2,6528.00,7680.00,https://ostrovok.ru/hotel/russia/western_siberia_irkutsk_oblast_multi/mid9825031/baikal_forest_hotel
baikal_forest_hotel,9825031,Двухместный полулюкс (двуспальная кровать),4002302,4,15,двуспальная кровать,"[""двуспальная кровать""]","[""double""]","[{""bed"": ""double"", ""count"": 1}]",2,7300.00,8500.00,https://ostrovok.ru/hotel/russia/western_siberia_irkutsk_oblast_multi/mid9825031/baikal_forest_hotel
baikal_forest_hotel,9825031,Двухместный полулюкс (2 отдельные кровати),4002402,4,15,2 отдельные кровати,"[""2 отдельные кровати""]","[""twin""]","[{""bed"": ""single"", ""count"": 2}]",2,7300.00,8500.00,https://ostrovok.ru/hotel/russia/western_siberia_irkutsk_oblast_multi/mid9825031/baikal_forest_hotel
baikal_forest_hotel,9825031,Двухместный полулюкс плюс (двуспальная кровать и диван),4B02302,4,6,двуспальная кровать и диван,"[""двуспальная кровать"", ""диван""]","[""double""]","[{""bed"": ""double"", ""count"": 1}]",3,7800.00,9000.00,https://ostrovok.ru/hotel/russia/western_siberia_irkutsk_oblast_multi/mid9825031/baikal_forest_hotel
baikal_forest_hotel,9825031,Двухместный Suite Business (двуспальная кровать и диван),9402302,4,16,двуспальная кровать и диван,"[""двуспальная кровать"", ""диван""]","[""double""]","[{""bed"": ""double"", ""count"": 1}]",3,7968.00,9120.00,https://ostrovok.ru/hotel/russia/western_siberia_irkutsk_oblast_multi/mid9825031/baikal_forest_hotel
baikal_forest_hotel,9825031,Двухместный Luxe (2 отдельные кровати),5002402,4,3,2 отдельные кровати,"[""2 отдельные кровати""]","[""twin""]","[{""bed"": ""single"", ""count"": 2}]",2,8800.00,10000.00,https://ostrovok.ru/hotel/russia/western_siberia_irkutsk_oblast_multi/mid9825031/baikal_forest_hotel
baikal_forest_hotel,9825031,Двухместный Luxe (двуспальная кровать),5002302,4,3,двуспальная кровать,"[""двуспальная кровать""]","[""double""]","[{""bed"": ""double"", ""count"": 1}]",2,8800.00,10000.00,https://ostrovok.ru/hotel/russia/western_siberia_irkutsk_oblast_multi/mid9825031/baikal_forest_hotel
vozdushnaya_gavan,8059310,Двухместный номер Standard (2 отдельные кровати),3202402,2,19,2 отдельные кровати,"[""2 отдельные кровати""]","[""twin""]","[{""bed"": ""single"", ""count"": 2}]",2,5177.00,5200.00,https://ostrovok.ru/hotel/russia/western_siberia_irkutsk_oblast_multi/mid8059310/vozdushnaya_gavan
vozdushnaya_gavan,8059310,Двухместный люкс с видом на город (двуспальная кровать),50023020005,2,2,двуспальная кровать,"[""двуспальная кровать""]","[""double""]","[{""bed"": ""double"", ""count"": 1}]",2,9061.00,9100.00,https://ostrovok.ru/hotel/russia/western_siberia_irkutsk_oblast_multi/mid8059310/vozdushnaya_gavan
best_eastern_hotel_zvezda,7806155,Двухместный Джуниор Сюит (двуспальная кровать),4002302,2,3,двуспальная кровать,"[""двуспальная кровать""]","[""double""]","[{""bed"": ""double"", ""count"": 1}]",2,13540.00,13600.00,https://ostrovok.ru/hotel/russia/western_siberia_irkutsk_oblast_multi/mid7806155/best_eastern_hotel_zvezda
victory_hotel_4,8457230,Двухместный номер Стандартный (2 отдельные кровати),3202402,2,4,2 отдельные кровати,"[""2 отдельные кровати""]","[""twin""]","[{""bed"": ""single"", ""count"": 2}]",2,4200.00,4200.00,https://ostrovok.ru/hotel/russia/western_siberia_irkutsk_oblast_multi/mid8457230/victory_hotel_4
victory_hotel_4,8457230,Двухместный номер Стандартный (двуспальная кровать),3202302,2,4,двуспальная кровать,"[""двуспальная кровать""]","[""double""]","[{""bed"": ""double"", ""count"": 1}]",2,4200.00,4200.00,https://ostrovok.ru/hotel/russia/western_siberia_irkutsk_oblast_multi/mid8457230/victory_hotel_4
victory_hotel_4,8457230,Двухместный номер Стандартный Улучшенный (двуспальная кровать),3502302,2,8,двуспальная кровать,"[""двуспальная кровать""]","[""double""]","[{""bed"": ""double"", ""count"": 1}]",2,4500.00,4500.00,https://ostrovok.ru/hotel/russia/western_siberia_irkutsk_oblast_multi/mid8457230/victory_hotel_4
victory_hotel_4,8457230,Двухместный номер Стандартный Улучшенный (2 отдельные кровати),3502402,2,8,2 отдельные кровати,"[""2 отдельные кровати""]","[""twin""]","[{""bed"": ""single"", ""count"": 2}]",2,4500.00,4500.00,https://ostrovok.ru/hotel/russia/western_siberia_irkutsk_oblast_multi/mid8457230/victory_hotel_4
victory_hotel_4,8457230,Двухместная студия (двуспальная кровать),7002302,2,1,двуспальная кровать,"[""двуспальная кровать""]","[""double""]","[{""bed"": ""double"", ""count"": 1}]",2,5200.00,5200.00,https://ostrovok.ru/hotel/russia/western_siberia_irkutsk_oblast_multi/mid8457230/victory_hotel_4
hotel_nikola_2,8748287,Двухместный номер Standard с видом на город (двуспальная кровать),32023020005,2,4,двуспальная кровать,"[""двуспальная кровать""]","[""double""]","[{""bed"": ""double"", ""count"": 1}]",2,5586.00,5610.00,https://ostrovok.ru/hotel/russia/western_siberia_irkutsk_oblast_multi/mid8748287/hotel_nikola_2
hotel_nikola_2,8748287,Двухместный номер Standard (2 отдельные кровати),3202402,2,1,2 отдельные кровати,"[""2 отдельные кровати""]","[""twin""]","[{""bed"": ""single"", ""count"": 2}]",2,6571.00,6600.00,https://ostrovok.ru/hotel/russia/western_siberia_irkutsk_oblast_multi/mid8748287/hotel_nikola_2
hotel_nikola_2,8748287,Двухместный номер Superior (2 отдельные кровати),3502402,2,14,2 отдельные кровати,"[""2 отдельные кровати""]","[""twin""]","[{""bed"": ""single"", ""count"": 2}]",2,6970.00,7000.00,https://ostrovok.ru/hotel/russia/western_siberia_irkutsk_oblast_multi/mid8748287/hotel_nikola_2
hotel_nikola_2,8748287,Двухместный номер Superior (двуспальная кровать),3502302,2,14,двуспальная кровать,"[""двуспальная кровать""]","[""double""]","[{""bed"": ""double"", ""count"": 1}]",2,6970.00,7000.00,https://ostrovok.ru/hotel/russia/western_siberia_irkutsk_oblast_multi/mid8748287/hotel_nikola_2
hotel_nikola_2,8748287,Двухместный полулюкс с красивым видом из окна (2 отдельные кровати),4002402000U,2,4,2 отдельные кровати,"[""2 отдельные кровати""]","[""twin""]","[{""bed"": ""single"", ""count"": 2}]",2,11451.00,11500.00,https://ostrovok.ru/hotel/russia/western_siberia_irkutsk_oblast_multi/mid8748287/hotel_nikola_2
hotel_nikola_2,8748287,Двухместный полулюкс с красивым видом из окна (двуспальная кровать),4002302000U,2,4,двуспальная кровать,"[""двуспальная кровать""]","[""double""]","[{""bed"": ""double"", ""count"": 1}]",2,11451.00,11500.00,https://ostrovok.ru/hotel/russia/western_siberia_irkutsk_oblast_multi/mid8748287/hotel_nikola_2
hotel_nikola_2,8748287,Двухместный полулюкс Premium с видом на озеро (2 отдельные кровати),4A02402000D,3,2,2 отдельные кровати,"[""2 отдельные кровати""]","[""twin""]","[{""bed"": ""single"", ""count"": 2}]",2,16529.00,16600.00,https://ostrovok.ru/hotel/russia/western_siberia_irkutsk_oblast_multi/mid8748287/hotel_nikola_2
podlemorie_hotel,7679750,Трёхместный номер Superior,3502003,2,1,,,"[""nobedding""]",,3,7500.00,7500.00,https://ostrovok.ru/hotel/russia/western_siberia_irkutsk_oblast_multi/mid7679750/podlemorie_hotel
podlemorie_hotel,7679750,Двухместный номер Superior (двуспальная кровать),3502302,1,1,двуспальная кровать,"[""двуспальная кровать""]","[""double""]","[{""bed"": ""double"", ""count"": 1}]",2,7500.00,7500.00,https://ostrovok.ru/hotel/russia/western_siberia_irkutsk_oblast_multi/mid7679750/podlemorie_hotel
gostevoy_dom_holiday_park_on_olkhon,10014649,Двухместный номер Standard (2 отдельные кровати),3202402,2,4,2 отдельные кровати,"[""2 отдельные кровати""]","[""twin""]","[{""bed"": ""single"", ""count"": 2}]",2,5107.00,5130.00,https://ostrovok.ru/hotel/russia/western_siberia_irkutsk_oblast_multi/mid10014649/gostevoy_dom_holiday_park_on_olkhon
gostevoy_dom_holiday_park_on_olkhon,10014649,Двухместный номер Superior (2 отдельные кровати),3502402,2,2,2 отдельные кровати,"[""2 отдельные кровати""]","[""twin""]","[{""bed"": ""single"", ""count"": 2}]",2,6052.00,6080.00,https://ostrovok.ru/hotel/russia/western_siberia_irkutsk_oblast_multi/mid10014649/gostevoy_dom_holiday_park_on_olkhon
mayak_hotel_listvyanka,7816262,Двухместный номер Стандарт Эконом (дополнительное здание) (2 отдельные кровати) (в дополнительном здании),3402402,1,1,2 отдельные кровати,"[""2 отдельные кровати""]","[""twin""]","[{""bed"": ""single"", ""count"": 2}]",2,4000.00,4000.00,https://ostrovok.ru/hotel/russia/western_siberia_irkutsk_oblast_multi/mid7816262/mayak_hotel_listvyanka
mayak_hotel_listvyanka,7816262,Одноместный номер Стандарт (дополнительное здание) (в дополнительном здании),3202001,1,1,,,"[""nobedding""]",,1,4000.00,4000.00,https://ostrovok.ru/hotel/russia/western_siberia_irkutsk_oblast_multi/mid7816262/mayak_hotel_listvyanka
mayak_hotel_listvyanka,7816262,Одноместный номер Стандарт Классический (главное здание) (односпальная кровать) (в главном здании),3B02201,1,5,односпальная кровать,"[""односпальная кровать""]","[""nobedding""]","[{""bed"": ""single"", ""count"": 1}]",1,5400.00,5400.00,https://ostrovok.ru/hotel/russia/western_siberia_irkutsk_oblast_multi/mid7816262/mayak_hotel_listvyanka
mayak_hotel_listvyanka,7816262,Двухместный номер Стандарт Классический (главное здание) (2 отдельные кровати) (в главном здании),3B02402,1,10,2 отдельные кровати,"[""2 отдельные кровати""]","[""twin""]","[{""bed"": ""single"", ""count"": 2}]",2,5800.00,5800.00,https://ostrovok.ru/hotel/russia/western_siberia_irkutsk_oblast_multi/mid7816262/mayak_hotel_listvyanka
mayak_hotel_listvyanka,7816262,Двухместный номер Стандарт Классический (главное здание) (двуспальная кровать) (в главном здании),3B02302,1,10,двуспальная кровать,"[""двуспальная кровать""]","[""double""]","[{""bed"": ""double"", ""count"": 1}]",2,5800.00,5800.00,https://ostrovok.ru/hotel/russia/western_siberia_irkutsk_oblast_multi/mid7816262/mayak_hotel_listvyanka
mayak_hotel_listvyanka,7816262,Двухместный номер Стандарт улучшенный (главное здание) (двуспальная кровать) (в главном здании),3502302,1,10,двуспальная кровать,"[""двуспальная кровать""]","[""double""]","[{""bed"": ""double"", ""count"": 1}]",2,7800.00,7800.00,https://ostrovok.ru/hotel/russia/western_siberia_irkutsk_oblast_multi/mid7816262/mayak_hotel_listvyanka
mayak_hotel_listvyanka,7816262,Двухместный номер Стандарт улучшенный (главное здание) (2 отдельные кровати) (в главном здании),3502402,1,10,2 отдельные кровати,"[""2 отдельные кровати""]","[""twin""]","[{""bed"": ""single"", ""count"": 2}]",2,7800.00,7800.00,https://ostrovok.ru/hotel/russia/western_siberia_irkutsk_oblast_multi/mid7816262/mayak_hotel_listvyanka
mayak_hotel_listvyanka,7816262,Двухместный Джуниор Сьют (главное здание) Standard Classic (main building) с видом на внутренний двор (двуспальная кровать) (в главном здании),4B023020006,1,4,двуспальная кровать,"[""двуспальная кровать""]","[""double""]","[{""bed"": ""double"", ""count"": 1}]",2,10800.00,10800.00,https://ostrovok.ru/hotel/russia/western_siberia_irkutsk_oblast_multi/mid7816262/mayak_hotel_listvyanka
mayak_hotel_listvyanka,7816262,Двухместный Джуниор Сьют (главное здание) Улучшенный (двуспальная кровать) (в главном здании),4502302,1,6,двуспальная кровать,"[""двуспальная кровать""]","[""double""]","[{""bed"": ""double"", ""count"": 1}]",2,12500.00,12500.00,https://ostrovok.ru/hotel/russia/western_siberia_irkutsk_oblast_multi/mid7816262/mayak_hotel_listvyanka
mayak_hotel_listvyanka,7816262,Двухместный Джуниор Сьют (главное здание) Улучшенный (2 отдельные кровати) (в главном здании),4502402,1,6,2 отдельные кровати,"[""2 отдельные кровати""]","[""twin""]","[{""bed"": ""single"", ""count"": 2}]",2,12500.00,12500.00,https://ostrovok.ru/hotel/russia/western_siberia_irkutsk_oblast_multi/mid7816262/mayak_hotel_listvyanka
mayak_hotel_listvyanka,7816262,Двухместный номер Семейный (главное здание) с видом на озеро (двуспальная кровать) (в главном здании),3I02302000D,1,5,двуспальная кровать,"[""двуспальная кровать""]","[""double""]","[{""bed"": ""double"", ""count"": 1}]",2,17000.00,17000.00,https://ostrovok.ru/hotel/russia/western_siberia_irkutsk_oblast_multi/mid7816262/mayak_hotel_listvyanka
mayak_hotel_listvyanka,7816262,Двухместный номер Семейный (главное здание) с видом на озеро (2 отдельные кровати) (в главном здании),3I02402000D,1,5,2 отдельные кровати,"[""2 отдельные кровати""]","[""twin""]","[{""bed"": ""single"", ""count"": 2}]",2,17000.00,17000.00,https://ostrovok.ru/hotel/russia/western_siberia_irkutsk_oblast_multi/mid7816262/mayak_hotel_listvyanka
mayak_hotel_listvyanka,7816262,Двухместный Люкс (главное здание) (двуспальная кровать) (в главном здании),5002302,1,1,двуспальная кровать,"[""двуспальная кровать""]","[""double""]","[{""bed"": ""double"", ""count"": 1}]",2,17000.00,17000.00,https://ostrovok.ru/hotel/russia/western_siberia_irkutsk_oblast_multi/mid7816262/mayak_hotel_listvyanka
atlas_hotel_3,7883850,Двухместный номер Стандарт (двуспальная кровать),3202302,2,1,двуспальная кровать,"[""двуспальная кровать""]","[""double""]","[{""bed"": ""double"", ""count"": 1}]",2,3563.10,3563.10,https://ostrovok.ru/hotel/russia/western_siberia_irkutsk_oblast_multi/mid7883850/atlas_hotel_3
atlas_hotel_3,7883850,Двухместный номер Стандарт (2 отдельные кровати),3202402,2,1,2 отдельные кровати,"[""2 отдельные кровати""]","[""twin""]","[{""bed"": ""single"", ""count"": 2}]",2,3563.10,3563.10,https://ostrovok.ru/hotel/russia/western_siberia_irkutsk_oblast_multi/mid7883850/atlas_hotel_3
atlas_hotel_3,7883850,Двухместный Джуниор Сюит (двуспальная кровать),4002302,2,1,двуспальная кровать,"[""двуспальная кровать""]","[""double""]","[{""bed"": ""double"", ""count"": 1}]",2,5489.10,5489.10,https://ostrovok.ru/hotel/russia/western_siberia_irkutsk_oblast_multi/mid7883850/atlas_hotel_3
hotel_flagman_olkhona,10019347,Двухместный номер Superior (2 отдельные кровати),3502402,3,1,2 отдельные кровати,"[""2 отдельные кровати""]","[""twin""]","[{""bed"": ""single"", ""count"": 2}]",2,8463.00,10100.00,https://ostrovok.ru/hotel/russia/western_siberia_irkutsk_oblast_multi/mid10019347/hotel_flagman_olkhona
hotel_flagman_olkhona,10019347,Двухместный номер Superior (двуспальная кровать),3502302,3,1,двуспальная кровать,"[""двуспальная кровать""]","[""double""]","[{""bed"": ""double"", ""count"": 1}]",2,8463.00,10100.00,https://ostrovok.ru/hotel/russia/western_siberia_irkutsk_oblast_multi/mid10019347/hotel_flagman_olkhona
gostevoy_dom_sunrise,10485526,Двухместный номер Standard (2 отдельные кровати),3202402,2,2,2 отдельные кровати,"[""2 отдельные кровати""]","[""twin""]","[{""bed"": ""single"", ""count"": 2}]",2,10456.00,10500.00,https://ostrovok.ru/hotel/russia/western_siberia_irkutsk_oblast_multi/mid10485526/gostevoy_dom_sunrise
gostevoy_dom_sunrise,10485526,Семейный номер Classic,3B0201,2,1,,,"[""nobedding""]",,3,13444.00,13500.00,https://ostrovok.ru/hotel/russia/western_siberia_irkutsk_oblast_multi/mid10485526/gostevoy_dom_sunrise
gostevoy_dom_sunrise,10485526,Двухместный номер Superior с балконом (двуспальная кровать и диван),3502302001,2,1,двуспальная кровать и диван,"[""двуспальная кровать"", ""диван""]","[""double""]","[{""bed"": ""double"", ""count"": 1}]",3,13444.00,13500.00,https://ostrovok.ru/hotel/russia/western_siberia_irkutsk_oblast_multi/mid10485526/gostevoy_dom_sunrise
kupechesky_dvor_hotel,8059354,Двухместный номер Standard Мансарда (двуспальная кровать),320230200004,2,1,двуспальная кровать,"[""двуспальная кровать""]","[""double""]","[{""bed"": ""double"", ""count"": 1}]",2,6030.00,6030.00,https://ostrovok.ru/hotel/russia/western_siberia_irkutsk_oblast_multi/mid8059354/kupechesky_dvor_hotel
kupechesky_dvor_hotel,8059354,Двухместный номер Standard Мансарда (2 отдельные кровати),320240200004,2,1,2 отдельные кровати,"[""2 отдельные кровати""]","[""twin""]","[{""bed"": ""single"", ""count"": 2}]",2,6030.00,6030.00,https://ostrovok.ru/hotel/russia/western_siberia_irkutsk_oblast_multi/mid8059354/kupechesky_dvor_hotel
kupechesky_dvor_hotel,8059354,Двухместный номер Standard с видом на город (2 отдельные кровати),32024020005,2,1,2 отдельные кровати,"[""2 отдельные кровати""]","[""twin""]","[{""bed"": ""single"", ""count"": 2}]",2,6570.00,6570.00,https://ostrovok.ru/hotel/russia/western_siberia_irkutsk_oblast_multi/mid8059354/kupechesky_dvor_hotel
kupechesky_dvor_hotel,8059354,Двухместный номер Standard с видом на город (двуспальная кровать),32023020005,2,1,двуспальная кровать,"[""двуспальная кровать""]","[""double""]","[{""bed"": ""double"", ""count"": 1}]",2,6570.00,6570.00,https://ostrovok.ru/hotel/russia/western_siberia_irkutsk_oblast_multi/mid8059354/kupechesky_dvor_hotel
kupechesky_dvor_hotel,8059354,Двухместный полулюкс Мансарда (двуспальная кровать),400230200004,2,2,двуспальная кровать,"[""двуспальная кровать""]","[""double""]","[{""bed"": ""double"", ""count"": 1}]",2,9180.00,9180.00,https://ostrovok.ru/hotel/russia/western_siberia_irkutsk_oblast_multi/mid8059354/kupechesky_dvor_hotel
kupechesky_dvor_hotel,8059354,Двухместный полулюкс с видом на город (двуспальная кровать) (кровать king size),40023020005,2,2,двуспальная кровать,"[""двуспальная кровать""]","[""double""]","[{""bed"": ""double"", ""count"": 1}]",2,10350.00,10350.00,https://ostrovok.ru/hotel/russia/western_siberia_irkutsk_oblast_multi/mid8059354/kupechesky_dvor_hotel
kupechesky_dvor_hotel,8059354,Двухместный полулюкс с балконом и с видом на город (двуспальная кровать),40023020015,2,1,двуспальная кровать,"[""двуспальная кровать""]","[""double""]","[{""bed"": ""double"", ""count"": 1}]",2,11160.00,11160.00,https://ostrovok.ru/hotel/russia/western_siberia_irkutsk_oblast_multi/mid8059354/kupechesky_dvor_hotel
sobolinka_parkhotel_2,9761022,Одноместный номер Standard с балконом,3202001001,2,2,,,"[""nobedding""]",,1,10306.00,10953.00,https://ostrovok.ru/hotel/russia/western_siberia_irkutsk_oblast_multi/mid9761022/sobolinka_parkhotel_2
sobolinka_parkhotel_2,9761022,Двухместный полулюкс с красивым видом из окна (двуспальная кровать),4002302000U,2,2,двуспальная кровать,"[""двуспальная кровать""]","[""double""]","[{""bed"": ""double"", ""count"": 1}]",2,12048.00,12695.00,https://ostrovok.ru/hotel/russia/western_siberia_irkutsk_oblast_multi/mid9761022/sobolinka_parkhotel_2
rus_hotel_irkutsk,7774831,Одноместный номер Standard (односпальная кровать),3202201,3,12,односпальная кровать,"[""односпальная кровать""]","[""nobedding""]","[{""bed"": ""single"", ""count"": 1}]",1,3266.00,4100.00,https://ostrovok.ru/hotel/russia/western_siberia_irkutsk_oblast_multi/mid7774831/rus_hotel_irkutsk
rus_hotel_irkutsk,7774831,Двухместный номер Standard (2 отдельные кровати),3202402,3,14,2 отдельные кровати,"[""2 отдельные кровати""]","[""twin""]","[{""bed"": ""single"", ""count"": 2}]",2,3584.00,4500.00,https://ostrovok.ru/hotel/russia/western_siberia_irkutsk_oblast_multi/mid7774831/rus_hotel_irkutsk
rus_hotel_irkutsk,7774831,Двухместный номер Standard (двуспальная кровать),3202302,3,14,двуспальная кровать,"[""двуспальная кровать""]","[""double""]","[{""bed"": ""double"", ""count"": 1}]",2,3584.00,4500.00,https://ostrovok.ru/hotel/russia/western_siberia_irkutsk_oblast_multi/mid7774831/rus_hotel_irkutsk
rus_hotel_irkutsk,7774831,Двухместный номер Comfort (2 отдельные кровати),3302402,3,9,2 отдельные кровати,"[""2 отдельные кровати""]","[""twin""]","[{""bed"": ""single"", ""count"": 2}]",2,4460.00,5600.00,https://ostrovok.ru/hotel/russia/western_siberia_irkutsk_oblast_multi/mid7774831/rus_hotel_irkutsk
rus_hotel_irkutsk,7774831,Двухместный номер Comfort (двуспальная кровать),3302302,3,9,двуспальная кровать,"[""двуспальная кровать""]","[""double""]","[{""bed"": ""double"", ""count"": 1}]",2,4460.00,5600.00,https://ostrovok.ru/hotel/russia/western_siberia_irkutsk_oblast_multi/mid7774831/rus_hotel_irkutsk
rus_hotel_irkutsk,7774831,Двухместный номер Deluxe с видом на город (двуспальная кровать и диван),36023020005,3,1,двуспальная кровать и диван,"[""двуспальная кровать"", ""диван""]","[""double""]","[{""bed"": ""double"", ""count"": 1}]",3,4938.00,6200.00,https://ostrovok.ru/hotel/russia/western_siberia_irkutsk_oblast_multi/mid7774831/rus_hotel_irkutsk
rus_hotel_irkutsk,7774831,Двухместный люкс с видом на внутренний двор (двуспальная кровать),50023020006,2,1,двуспальная кровать,"[""двуспальная кровать""]","[""double""]","[{""bed"": ""double"", ""count"": 1}]",2,7368.00,7400.00,https://ostrovok.ru/hotel/russia/western_siberia_irkutsk_oblast_multi/mid7774831/rus_hotel_irkutsk
matreshka_hotel,6332937,Двухместный номер Standard (2 отдельные кровати),3202402,4,2,2 отдельные кровати,"[""2 отдельные кровати""]","[""twin""]","[{""bed"": ""single"", ""count"": 2}]",2,3512.00,4032.00,https://ostrovok.ru/hotel/russia/western_siberia_irkutsk_oblast_multi/mid6332937/matreshka_hotel
matreshka_hotel,6332937,Двухместный номер Standard (двуспальная кровать),3202302,4,2,двуспальная кровать,"[""двуспальная кровать""]","[""double""]","[{""bed"": ""double"", ""count"": 1}]",2,3512.00,4032.00,https://ostrovok.ru/hotel/russia/western_siberia_irkutsk_oblast_multi/mid6332937/matreshka_hotel
matreshka_hotel,6332937,Одноместный номер Standard,3202001,4,9,,,"[""nobedding""]",,1,3512.00,4032.00,https://ostrovok.ru/hotel/russia/western_siberia_irkutsk_oblast_multi/mid6332937/matreshka_hotel
matreshka_hotel,6332937,Двухместный номер Comfort (2 отдельные кровати),3302402,4,5,2 отдельные кровати,"[""2 отдельные кровати""]","[""twin""]","[{""bed"": ""single"", ""count"": 2}]",2,4014.00,5040.00,https://ostrovok.ru/hotel/russia/western_siberia_irkutsk_oblast_multi/mid6332937/matreshka_hotel
matreshka_hotel,6332937,Двухместный номер Comfort (двуспальная кровать),3302302,4,5,двуспальная кровать,"[""двуспальная кровать""]","[""double""]","[{""bed"": ""double"", ""count"": 1}]",2,4014.00,5040.00,https://ostrovok.ru/hotel/russia/western_siberia_irkutsk_oblast_multi/mid6332937/matreshka_hotel
matreshka_hotel,6332937,Двухместный полулюкс (двуспальная кровать),4002302,4,2,двуспальная кровать,"[""двуспальная кровать""]","[""double""]","[{""bed"": ""double"", ""count"": 1}]",2,4766.00,5796.00,https://ostrovok.ru/hotel/russia/western_siberia_irkutsk_oblast_multi/mid6332937/matreshka_hotel
matreshka_hotel,6332937,Двухместный полулюкс Superior (2 отдельные кровати),4502402,4,1,2 отдельные кровати,"[""2 отдельные кровати""]","[""twin""]","[{""bed"": ""single"", ""count"": 2}]",2,5143.00,5670.00,https://ostrovok.ru/hotel/russia/western_siberia_irkutsk_oblast_multi/mid6332937/matreshka_hotel
matreshka_hotel,6332937,Двухместный полулюкс Superior (двуспальная кровать),4502302,4,1,двуспальная кровать,"[""двуспальная кровать""]","[""double""]","[{""bed"": ""double"", ""count"": 1}]",2,5143.00,5670.00,https://ostrovok.ru/hotel/russia/western_siberia_irkutsk_oblast_multi/mid6332937/matreshka_hotel
dizajnerskaya_kvartira_v_tsentre_irkutska,9995434,Номер Deluxe,3602,1,1,,,"[""nobedding""]",,1,4818.00,4818.00,https://ostrovok.ru/hotel/russia/western_siberia_irkutsk_oblast_multi/mid9995434/dizajnerskaya_kvartira_v_tsentre_irkutska
dohodnyij_dom_listratvoj_butikhotel,9024017,Одноместный номер Standard,3202001,5,1,,,"[""nobedding""]",,1,3520.00,4480.00,https://ostrovok.ru/hotel/russia/western_siberia_irkutsk_oblast_multi/mid9024017/dohodnyij_dom_listratvoj_butikhotel
dohodnyij_dom_listratvoj_butikhotel,9024017,Двухместный номер Comfort (2 отдельные кровати),3302402,5,2,2 отдельные кровати,"[""2 отдельные кровати""]","[""twin""]","[{""bed"": ""single"", ""count"": 2}]",2,4290.00,5460.00,https://ostrovok.ru/hotel/russia/western_siberia_irkutsk_oblast_multi/mid9024017/dohodnyij_dom_listratvoj_butikhotel
dohodnyij_dom_listratvoj_butikhotel,9024017,Двухместный номер Comfort (двуспальная кровать),3302302,5,1,двуспальная кровать,"[""двуспальная кровать""]","[""double""]","[{""bed"": ""double"", ""count"": 1}]",2,4290.00,5460.00,https://ostrovok.ru/hotel/russia/western_siberia_irkutsk_oblast_multi/mid9024017/dohodnyij_dom_listratvoj_butikhotel
dohodnyij_dom_listratvoj_butikhotel,9024017,Двухместный полулюкс (двуспальная кровать) (кровать king size),4002302,5,1,двуспальная кровать,"[""двуспальная кровать""]","[""double""]","[{""bed"": ""double"", ""count"": 1}]",2,4730.00,6020.00,https://ostrovok.ru/hotel/russia/western_siberia_irkutsk_oblast_multi/mid9024017/dohodnyij_dom_listratvoj_butikhotel
azimut_aeroport_irkutsk_hotel,13317260,Двухместный номер Standard (двуспальная кровать),3202302,4,10,двуспальная кровать,"[""двуспальная кровать""]","[""double""]","[{""bed"": ""double"", ""count"": 1}]",2,7500.00,8609.00,https://ostrovok.ru/hotel/russia/western_siberia_irkutsk_oblast_multi/mid13317260/azimut_aeroport_irkutsk_hotel
azimut_aeroport_irkutsk_hotel,13317260,Двухместный номер Standard (2 отдельные кровати),3202402,4,29,2 отдельные кровати,"[""2 отдельные кровати""]","[""twin""]","[{""bed"": ""single"", ""count"": 2}]",2,7500.00,8609.00,https://ostrovok.ru/hotel/russia/western_siberia_irkutsk_oblast_multi/mid13317260/azimut_aeroport_irkutsk_hotel
azimut_aeroport_irkutsk_hotel,13317260,Двухместный люкс (двуспальная кровать и диван),5002302,4,1,двуспальная кровать и диван,"[""двуспальная кровать"", ""диван""]","[""double""]","[{""bed"": ""double"", ""count"": 1}]",3,12500.00,13764.00,https://ostrovok.ru/hotel/russia/western_siberia_irkutsk_oblast_multi/mid13317260/azimut_aeroport_irkutsk_hotel
azimut_aeroport_irkutsk_hotel,13317260,Двухместный люкс (2 отдельные кровати и диван),5002402,4,1,2 отдельные кровати и диван,"[""2 отдельные кровати"", ""диван""]","[""sofa-bed""]","[{""bed"": ""single"", ""count"": 2}]",3,12500.00,13764.00,https://ostrovok.ru/hotel/russia/western_siberia_irkutsk_oblast_multi/mid13317260/azimut_aeroport_irkutsk_hotel
hotel_angara,6715745,Двухместный номер Standard (2 отдельные кровати),3202402,2,3,2 отдельные кровати,"[""2 отдельные кровати""]","[""twin""]","[{""bed"": ""single"", ""count"": 2}]",2,3800.00,3800.00,https://ostrovok.ru/hotel/russia/western_siberia_irkutsk_oblast_multi/mid6715745/hotel_angara
hotel_angara,6715745,Двухместный номер Deluxe (2 отдельные кровати),3602402,2,1,2 отдельные кровати,"[""2 отдельные кровати""]","[""twin""]","[{""bed"": ""single"", ""count"": 2}]",2,4500.00,4500.00,https://ostrovok.ru/hotel/russia/western_siberia_irkutsk_oblast_multi/mid6715745/hotel_angara
hotel_angara,6715745,Двухместный номер Deluxe (двуспальная кровать),3602302,2,6,двуспальная кровать,"[""двуспальная кровать""]","[""double""]","[{""bed"": ""double"", ""count"": 1}]",2,4500.00,4500.00,https://ostrovok.ru/hotel/russia/western_siberia_irkutsk_oblast_multi/mid6715745/hotel_angara
hotel_angara,6715745,Двухместный полулюкс (двуспальная кровать),4002302,2,2,двуспальная кровать,"[""двуспальная кровать""]","[""double""]","[{""bed"": ""double"", ""count"": 1}]",2,5500.00,5500.00,https://ostrovok.ru/hotel/russia/western_siberia_irkutsk_oblast_multi/mid6715745/hotel_angara
hotel_angara,6715745,Семейный номер Standard,320201,2,2,,,"[""nobedding""]",,3,6000.00,6000.00,https://ostrovok.ru/hotel/russia/western_siberia_irkutsk_oblast_multi/mid6715745/hotel_angara
hotel_angara,6715745,Двухместный люкс (двуспальная кровать),5002302,2,1,двуспальная кровать,"[""двуспальная кровать""]","[""double""]","[{""bed"": ""double"", ""count"": 1}]",2,6000.00,6000.00,https://ostrovok.ru/hotel/russia/western_siberia_irkutsk_oblast_multi/mid6715745/hotel_angara
hotel_angara,6715745,Люкс c 1 комнатой,500200001,2,1,,,"[""nobedding""]",,1,7000.00,7000.00,https://ostrovok.ru/hotel/russia/western_siberia_irkutsk_oblast_multi/mid6715745/hotel_angara
archi_apt_apartments,10211904,Двухместный номер Standard с видом на внутренний двор (двуспальная кровать),32023020006,3,4,двуспальная кровать,"[""двуспальная кровать""]","[""double""]","[{""bed"": ""double"", ""count"": 1}]",2,3840.00,4000.00,https://ostrovok.ru/hotel/russia/western_siberia_irkutsk_oblast_multi/mid10211904/archi_apt_apartments
archi_apt_apartments,10211904,Семейный номер Standard с 2 комнатами с красивым видом из окна,3202010020U,2,1,,,"[""nobedding""]",,3,6700.00,6700.00,https://ostrovok.ru/hotel/russia/western_siberia_irkutsk_oblast_multi/mid10211904/archi_apt_apartments
baza_otdykha_gostiny_dvor_vdokhnovenie,10438999,Двухместный номер Standard (2 отдельные кровати),3202402,2,12,2 отдельные кровати,"[""2 отдельные кровати""]","[""twin""]","[{""bed"": ""single"", ""count"": 2}]",2,5000.00,5000.00,https://ostrovok.ru/hotel/russia/western_siberia_irkutsk_oblast_multi/mid10438999/baza_otdykha_gostiny_dvor_vdokhnovenie
baza_otdykha_gostiny_dvor_vdokhnovenie,10438999,Семейное бунгало Superior с 2 комнатами с видом на озеро,A502010020D,2,4,,,"[""nobedding""]",,3,6500.00,6500.00,https://ostrovok.ru/hotel/russia/western_siberia_irkutsk_oblast_multi/mid10438999/baza_otdykha_gostiny_dvor_vdokhnovenie
baza_otdykha_gostiny_dvor_vdokhnovenie,10438999,Студия с красивым видом из окна,7002000000U,2,1,,,"[""nobedding""]",,1,6500.00,6500.00,https://ostrovok.ru/hotel/russia/western_siberia_irkutsk_oblast_multi/mid10438999/baza_otdykha_gostiny_dvor_vdokhnovenie
baza_otdykha_gostiny_dvor_vdokhnovenie,10438999,Люкс Premium с балконом и с красивым видом из окна,5A02000001U,2,8,,,"[""nobedding""]",,1,7500.00,7500.00,https://ostrovok.ru/hotel/russia/western_siberia_irkutsk_oblast_multi/mid10438999/baza_otdykha_gostiny_dvor_vdokhnovenie
baza_otdykha_gostiny_dvor_vdokhnovenie,10438999,Двухместный семейный люкс с балконом и с видом на озеро (двуспальная кровать и диван),5002312001D,2,1,двуспальная кровать и диван,"[""двуспальная кровать"", ""диван""]","[""double""]","[{""bed"": ""double"", ""count"": 1}]",3,7800.00,7800.00,https://ostrovok.ru/hotel/russia/western_siberia_irkutsk_oblast_multi/mid10438999/baza_otdykha_gostiny_dvor_vdokhnovenie
baza_otdykha_gostiny_dvor_vdokhnovenie,10438999,Двухместное бунгало с видом на внутренний двор (2 отдельные кровати) (терраса),A0024020006,2,2,2 отдельные кровати,"[""2 отдельные кровати""]","[""twin""]","[{""bed"": ""single"", ""count"": 2}]",2,8000.00,8000.00,https://ostrovok.ru/hotel/russia/western_siberia_irkutsk_oblast_multi/mid10438999/baza_otdykha_gostiny_dvor_vdokhnovenie
baza_otdykha_gostiny_dvor_vdokhnovenie,10438999,Двухместное бунгало Версаль с видом на внутренний двор (двуспальная кровать),AB023020006,2,1,двуспальная кровать,"[""двуспальная кровать""]","[""double""]","[{""bed"": ""double"", ""count"": 1}]",2,8500.00,8500.00,https://ostrovok.ru/hotel/russia/western_siberia_irkutsk_oblast_multi/mid10438999/baza_otdykha_gostiny_dvor_vdokhnovenie
lada_8,8878913,Номер Economy Мансарда с видом на озеро (общая ванная комната),3101000000D4,3,1,,,"[""nobedding""]",,1,4200.00,7700.00,https://ostrovok.ru/hotel/russia/western_siberia_irkutsk_oblast_multi/mid8878913/lada_8
lada_8,8878913,Трёхместный номер Economy (общая ванная комната),3101003,3,1,,,"[""nobedding""]",,3,4200.00,7700.00,https://ostrovok.ru/hotel/russia/western_siberia_irkutsk_oblast_multi/mid8878913/lada_8
lada_8,8878913,Одноместный номер Standard с видом на парк,3202001000I,3,1,,,"[""nobedding""]",,1,6000.00,9500.00,https://ostrovok.ru/hotel/russia/western_siberia_irkutsk_oblast_multi/mid8878913/lada_8
lada_8,8878913,Двухместный номер Standard с красивым видом из окна (2 отдельные кровати),3202402000U,3,3,2 отдельные кровати,"[""2 отдельные кровати""]","[""twin""]","[{""bed"": ""single"", ""count"": 2}]",2,6000.00,9500.00,https://ostrovok.ru/hotel/russia/western_siberia_irkutsk_oblast_multi/mid8878913/lada_8
lada_8,8878913,Двухместный номер Standard (двуспальная кровать),3202302,3,1,двуспальная кровать,"[""двуспальная кровать""]","[""double""]","[{""bed"": ""double"", ""count"": 1}]",2,6000.00,9500.00,https://ostrovok.ru/hotel/russia/western_siberia_irkutsk_oblast_multi/mid8878913/lada_8
lada_8,8878913,Двухместный номер Comfort Мансарда с красивым видом из окна (двуспальная кровать),3302302000U4,3,2,двуспальная кровать,"[""двуспальная кровать""]","[""double""]","[{""bed"": ""double"", ""count"": 1}]",2,8400.00,11900.00,https://ostrovok.ru/hotel/russia/western_siberia_irkutsk_oblast_multi/mid8878913/lada_8
lada_8,8878913,Двухместный номер Comfort Мансарда с красивым видом из окна (2 отдельные кровати),3302402000U4,3,2,2 отдельные кровати,"[""2 отдельные кровати""]","[""twin""]","[{""bed"": ""single"", ""count"": 2}]",2,8400.00,11900.00,https://ostrovok.ru/hotel/russia/western_siberia_irkutsk_oblast_multi/mid8878913/lada_8
lada_8,8878913,Трёхместный номер Superior с красивым видом из окна,3502003000U,3,1,,,"[""nobedding""]",,3,8400.00,11900.00,https://ostrovok.ru/hotel/russia/western_siberia_irkutsk_oblast_multi/mid8878913/lada_8
lada_8,8878913,Двухместный люкс с балконом и с красивым видом из окна (2 отдельные кровати и кресло-кровать),5002402001U,3,1,2 отдельные кровати и кресло-кровать,"[""2 отдельные кровати"", ""кресло-кровать""]","[""chair-bed""]","[{""bed"": ""single"", ""count"": 2}]",2,10800.00,14300.00,https://ostrovok.ru/hotel/russia/western_siberia_irkutsk_oblast_multi/mid8878913/lada_8
lada_8,8878913,Двухместный люкс с балконом и с красивым видом из окна (двуспальная кровать и кресло-кровать),5002302001U,3,1,двуспальная кровать и кресло-кровать,"[""двуспальная кровать"", ""кресло-кровать""]","[""chair-bed""]","[{""bed"": ""double"", ""count"": 1}]",2,10800.00,14300.00,https://ostrovok.ru/hotel/russia/western_siberia_irkutsk_oblast_multi/mid8878913/lada_8
miniotel_good_hotel,10013559,Двухместный номер Standard (общая ванная комната) (2 отдельные кровати),3201402,2,1,2 отдельные кровати,"[""2 отдельные кровати""]","[""twin""]","[{""bed"": ""single"", ""count"": 2}]",2,2200.00,2200.00,https://ostrovok.ru/hotel/russia/western_siberia_irkutsk_oblast_multi/mid10013559/miniotel_good_hotel
miniotel_good_hotel,10013559,Двухместный номер Standard (общая ванная комната) (двуспальная кровать),3201302,2,2,двуспальная кровать,"[""двуспальная кровать""]","[""double""]","[{""bed"": ""double"", ""count"": 1}]",2,2200.00,2200.00,https://ostrovok.ru/hotel/russia/western_siberia_irkutsk_oblast_multi/mid10013559/miniotel_good_hotel
miniotel_good_hotel,10013559,Трёхместный семейный номер Standard (общая ванная комната),3201013,2,1,,,"[""nobedding""]",,3,2700.00,2700.00,https://ostrovok.ru/hotel/russia/western_siberia_irkutsk_oblast_multi/mid10013559/miniotel_good_hotel
miniotel_good_hotel,10013559,Двухместный номер Superior с красивым видом из окна (двуспальная кровать),3502302000U,2,1,двуспальная кровать,"[""двуспальная кровать""]","[""double""]","[{""bed"": ""double"", ""count"": 1}]",2,2700.00,2700.00,https://ostrovok.ru/hotel/russia/western_siberia_irkutsk_oblast_multi/mid10013559/miniotel_good_hotel
aristokrat_hotel,8745188,Одноместный номер Economy,3102001,2,1,,,"[""nobedding""]",,1,3900.00,3900.00,https://ostrovok.ru/hotel/russia/western_siberia_irkutsk_oblast_multi/mid8745188/aristokrat_hotel
aristokrat_hotel,8745188,Двухместный номер Standard с видом на город (двуспальная кровать),32023020005,2,1,двуспальная кровать,"[""двуспальная кровать""]","[""double""]","[{""bed"": ""double"", ""count"": 1}]",2,4557.00,4557.00,https://ostrovok.ru/hotel/russia/western_siberia_irkutsk_oblast_multi/mid8745188/aristokrat_hotel
aristokrat_hotel,8745188,Двухместный номер Standard с видом на город (2 отдельные кровати),32024020005,2,1,2 отдельные кровати,"[""2 отдельные кровати""]","[""twin""]","[{""bed"": ""single"", ""count"": 2}]",2,4557.00,4557.00,https://ostrovok.ru/hotel/russia/western_siberia_irkutsk_oblast_multi/mid8745188/aristokrat_hotel
aristokrat_hotel,8745188,Двухместный номер Superior с видом на город (двуспальная кровать),35023020005,2,3,двуспальная кровать,"[""двуспальная кровать""]","[""double""]","[{""bed"": ""double"", ""count"": 1}]",2,4743.00,4743.00,https://ostrovok.ru/hotel/russia/western_siberia_irkutsk_oblast_multi/mid8745188/aristokrat_hotel
aristokrat_hotel,8745188,Двухместный номер Superior с видом на город (2 отдельные кровати),35024020005,2,3,2 отдельные кровати,"[""2 отдельные кровати""]","[""twin""]","[{""bed"": ""single"", ""count"": 2}]",2,4743.00,4743.00,https://ostrovok.ru/hotel/russia/western_siberia_irkutsk_oblast_multi/mid8745188/aristokrat_hotel
kheyvitsa_guest_house,11169967,Двухместный номер Оливковый (двуспальная кровать),3302302,2,1,двуспальная кровать,"[""двуспальная кровать""]","[""double""]","[{""bed"": ""double"", ""count"": 1}]",2,4800.00,4800.00,https://ostrovok.ru/hotel/russia/western_siberia_irkutsk_oblast_multi/mid11169967/kheyvitsa_guest_house
kheyvitsa_guest_house,11169967,Двухместный номер Прованс (двуспальная кровать),3802302,1,1,двуспальная кровать,"[""двуспальная кровать""]","[""double""]","[{""bed"": ""double"", ""count"": 1}]",2,4800.00,4800.00,https://ostrovok.ru/hotel/russia/western_siberia_irkutsk_oblast_multi/mid11169967/kheyvitsa_guest_house
kheyvitsa_guest_house,11169967,Двухместный номер Лазурный (двуспальная кровать),3402302,2,1,двуспальная кровать,"[""двуспальная кровать""]","[""double""]","[{""bed"": ""double"", ""count"": 1}]",2,5400.00,5400.00,https://ostrovok.ru/hotel/russia/western_siberia_irkutsk_oblast_multi/mid11169967/kheyvitsa_guest_house
kheyvitsa_guest_house,11169967,Двухместный полулюкс Кочевник (двуспальная кровать),4602302,1,1,двуспальная кровать,"[""двуспальная кровать""]","[""double""]","[{""bed"": ""double"", ""count"": 1}]",2,5400.00,5400.00,https://ostrovok.ru/hotel/russia/western_siberia_irkutsk_oblast_multi/mid11169967/kheyvitsa_guest_house
kheyvitsa_guest_house,11169967,Двухместный номер Купеческий (двуспальная кровать) (кровать king size),3E02302,1,1,двуспальная кровать,"[""двуспальная кровать""]","[""double""]","[{""bed"": ""double"", ""count"": 1}]",2,5400.00,5400.00,https://ostrovok.ru/hotel/russia/western_siberia_irkutsk_oblast_multi/mid11169967/kheyvitsa_guest_house
kheyvitsa_guest_house,11169967,Двухместный полулюкс Монгольский Хан (двуспальная кровать),4A02302,1,1,двуспальная кровать,"[""двуспальная кровать""]","[""double""]","[{""bed"": ""double"", ""count"": 1}]",2,6000.00,6000.00,https://ostrovok.ru/hotel/russia/western_siberia_irkutsk_oblast_multi/mid11169967/kheyvitsa_guest_house
kheyvitsa_guest_house,11169967,Двухместный полулюкс Царские палаты (двуспальная кровать),4F02302,1,1,двуспальная кровать,"[""двуспальная кровать""]","[""double""]","[{""bed"": ""double"", ""count"": 1}]",2,6600.00,6600.00,https://ostrovok.ru/hotel/russia/western_siberia_irkutsk_oblast_multi/mid11169967/kheyvitsa_guest_house
malinovka_3,9079016,Двухместный номер Economy с балконом и с красивым видом из окна (общая ванная комната) (двуспальная кровать),3101302001U,1,2,двуспальная кровать,"[""двуспальная кровать""]","[""double""]","[{""bed"": ""double"", ""count"": 1}]",2,2987.00,2987.00,https://ostrovok.ru/hotel/russia/western_siberia_irkutsk_oblast_multi/mid9079016/malinovka_3
malinovka_3,9079016,Двухместный номер Standard с видом на озеро (2 отдельные кровати),3202402000D,1,1,2 отдельные кровати,"[""2 отдельные кровати""]","[""twin""]","[{""bed"": ""single"", ""count"": 2}]",2,3485.00,3485.00,https://ostrovok.ru/hotel/russia/western_siberia_irkutsk_oblast_multi/mid9079016/malinovka_3
malinovka_3,9079016,Двухместный номер Standard с видом на озеро (двуспальная кровать),3202302000D,1,1,двуспальная кровать,"[""двуспальная кровать""]","[""double""]","[{""bed"": ""double"", ""count"": 1}]",2,3485.00,3485.00,https://ostrovok.ru/hotel/russia/western_siberia_irkutsk_oblast_multi/mid9079016/malinovka_3
malinovka_3,9079016,Семейный номер Superior с балконом и с видом на озеро,3502010001D,1,1,,,"[""nobedding""]",,3,4480.00,4480.00,https://ostrovok.ru/hotel/russia/western_siberia_irkutsk_oblast_multi/mid9079016/malinovka_3
malinovka_3,9079016,Четырёхместный номер Superior с видом на озеро,3502004000D,1,1,,,"[""nobedding""]",,4,5974.00,5974.00,https://ostrovok.ru/hotel/russia/western_siberia_irkutsk_oblast_multi/mid9079016/malinovka_3
empire_hotel_3,7829344,Одноместный номер Классик М Мансарда,310200100004,2,1,,,"[""nobedding""]",,1,3700.00,3700.00,https://ostrovok.ru/hotel/russia/western_siberia_irkutsk_oblast_multi/mid7829344/empire_hotel_3
empire_hotel_3,7829344,Одноместный номер Классик,3B02001,2,1,,,"[""nobedding""]",,1,3900.00,3900.00,https://ostrovok.ru/hotel/russia/western_siberia_irkutsk_oblast_multi/mid7829344/empire_hotel_3
empire_hotel_3,7829344,Одноместный номер Комфорт,3302001,2,1,,,"[""nobedding""]",,1,4400.00,4400.00,https://ostrovok.ru/hotel/russia/western_siberia_irkutsk_oblast_multi/mid7829344/empire_hotel_3
empire_hotel_3,7829344,Двухместный номер Улучшенный Бизнес (2 отдельные кровати),3402402,2,1,2 отдельные кровати,"[""2 отдельные кровати""]","[""twin""]","[{""bed"": ""single"", ""count"": 2}]",2,5100.00,5100.00,https://ostrovok.ru/hotel/russia/western_siberia_irkutsk_oblast_multi/mid7829344/empire_hotel_3
empire_hotel_3,7829344,Двухместный номер Улучшенный Бизнес (двуспальная кровать),3402302,2,1,двуспальная кровать,"[""двуспальная кровать""]","[""double""]","[{""bed"": ""double"", ""count"": 1}]",2,5100.00,5100.00,https://ostrovok.ru/hotel/russia/western_siberia_irkutsk_oblast_multi/mid7829344/empire_hotel_3
empire_hotel_3,7829344,Двухместный номер Улучшенный Гранд (двуспальная кровать),3D02302,2,1,двуспальная кровать,"[""двуспальная кровать""]","[""double""]","[{""bed"": ""double"", ""count"": 1}]",2,5600.00,5600.00,https://ostrovok.ru/hotel/russia/western_siberia_irkutsk_oblast_multi/mid7829344/empire_hotel_3
empire_hotel_3,7829344,Двухместный номер Улучшенный Гранд (2 отдельные кровати),3D02402,2,1,2 отдельные кровати,"[""2 отдельные кровати""]","[""twin""]","[{""bed"": ""single"", ""count"": 2}]",2,5600.00,5600.00,https://ostrovok.ru/hotel/russia/western_siberia_irkutsk_oblast_multi/mid7829344/empire_hotel_3
empire_hotel_3,7829344,Двухместный джуниор сьюит (двуспальная кровать),4002302,2,1,двуспальная кровать,"[""двуспальная кровать""]","[""double""]","[{""bed"": ""double"", ""count"": 1}]",2,7700.00,7700.00,https://ostrovok.ru/hotel/russia/western_siberia_irkutsk_oblast_multi/mid7829344/empire_hotel_3
hotel_premium_hotel_pushkin,13310309,Двухместный номер Делюкс с красивым видом из окна (двуспальная кровать),3602302000U,2,4,двуспальная кровать,"[""двуспальная кровать""]","[""double""]","[{""bed"": ""double"", ""count"": 1}]",2,18000.00,18000.00,https://ostrovok.ru/hotel/russia/western_siberia_irkutsk_oblast_multi/mid13310309/hotel_premium_hotel_pushkin
hotel_premium_hotel_pushkin,13310309,Двухместный номер Гранд Делюкс с видом на внутренний двор (двуспальная кровать),3D023020006,2,18,двуспальная кровать,"[""двуспальная кровать""]","[""double""]","[{""bed"": ""double"", ""count"": 1}]",2,21000.00,21000.00,https://ostrovok.ru/hotel/russia/western_siberia_irkutsk_oblast_multi/mid13310309/hotel_premium_hotel_pushkin
hotel_premium_hotel_pushkin,13310309,Двухместный номер Гранд Делюкс с балконом и с видом на город (двуспальная кровать),3D023020015,2,1,двуспальная кровать,"[""двуспальная кровать""]","[""double""]","[{""bed"": ""double"", ""count"": 1}]",2,23000.00,23000.00,https://ostrovok.ru/hotel/russia/western_siberia_irkutsk_oblast_multi/mid13310309/hotel_premium_hotel_pushkin
hotel_premium_hotel_pushkin,13310309,Двухместный номер Премиум с красивым видом из окна (двуспальная кровать),3A02302000U,2,8,двуспальная кровать,"[""двуспальная кровать""]","[""double""]","[{""bed"": ""double"", ""count"": 1}]",2,26000.00,26000.00,https://ostrovok.ru/hotel/russia/western_siberia_irkutsk_oblast_multi/mid13310309/hotel_premium_hotel_pushkin
hotel_premium_hotel_pushkin,13310309,Двухместный люкс Посольский с балконом и с красивым видом из окна (двуспальная кровать),5C02302001U,2,1,двуспальная кровать,"[""двуспальная кровать""]","[""double""]","[{""bed"": ""double"", ""count"": 1}]",2,38000.00,38000.00,https://ostrovok.ru/hotel/russia/western_siberia_irkutsk_oblast_multi/mid13310309/hotel_premium_hotel_pushkin
hotel_premium_hotel_pushkin,13310309,Двухместный люкс Президентский с красивым видом из окна (двуспальная кровать),5902302000U,2,2,двуспальная кровать,"[""двуспальная кровать""]","[""double""]","[{""bed"": ""double"", ""count"": 1}]",2,48000.00,48000.00,https://ostrovok.ru/hotel/russia/western_siberia_irkutsk_oblast_multi/mid13310309/hotel_premium_hotel_pushkin
bolshoe_puteshestvie_hotel,9252749,Двухместный номер на 1 этаже Стандарт (2 отдельные кровати),32024021,1,2,2 отдельные кровати,"[""2 отдельные кровати""]","[""twin""]","[{""bed"": ""single"", ""count"": 2}]",2,3983.00,3983.00,https://ostrovok.ru/hotel/russia/western_siberia_irkutsk_oblast_multi/mid9252749/bolshoe_puteshestvie_hotel
bolshoe_puteshestvie_hotel,9252749,Номер на 2 этаже Семейный Улучшенный (терраса),350201,1,1,,,"[""nobedding""]",,3,4979.00,4979.00,https://ostrovok.ru/hotel/russia/western_siberia_irkutsk_oblast_multi/mid9252749/bolshoe_puteshestvie_hotel
bolshoe_puteshestvie_hotel,9252749,Трёхместный номер Стандарт с видом на озеро Байкал,3202003000D,1,4,,,"[""nobedding""]",,3,5477.00,5477.00,https://ostrovok.ru/hotel/russia/western_siberia_irkutsk_oblast_multi/mid9252749/bolshoe_puteshestvie_hotel
bolshoe_puteshestvie_hotel,9252749,Номер Семейный Комфорт,3302,1,2,,,"[""nobedding""]",,3,5975.00,5975.00,https://ostrovok.ru/hotel/russia/western_siberia_irkutsk_oblast_multi/mid9252749/bolshoe_puteshestvie_hotel
bolshoe_puteshestvie_hotel,9252749,Двухместный номер на 2 этаже Стандарт с балконом (двуспальная кровать) (тип кровати может измениться),3202312001,1,1,двуспальная кровать,"[""двуспальная кровать""]","[""double""]","[{""bed"": ""double"", ""count"": 1}]",2,6473.00,6473.00,https://ostrovok.ru/hotel/russia/western_siberia_irkutsk_oblast_multi/mid9252749/bolshoe_puteshestvie_hotel
bolshoe_puteshestvie_hotel,9252749,Двухместный номер на 2 этаже Стандарт с балконом (2 отдельные кровати) (тип кровати может измениться),3202412001,1,1,2 отдельные кровати,"[""2 отдельные кровати""]","[""twin""]","[{""bed"": ""single"", ""count"": 2}]",2,6473.00,6473.00,https://ostrovok.ru/hotel/russia/western_siberia_irkutsk_oblast_multi/mid9252749/bolshoe_puteshestvie_hotel
bolshoe_puteshestvie_hotel,9252749,Номер на 1 этаже Семейный Улучшенный (терраса),35020001,1,2,,,"[""nobedding""]",,3,6971.00,6971.00,https://ostrovok.ru/hotel/russia/western_siberia_irkutsk_oblast_multi/mid9252749/bolshoe_puteshestvie_hotel
otel_tsentral,8748836,Двухместный номер Standard (двуспальная кровать) (тип кровати может измениться),3202302,2,2,двуспальная кровать,"[""двуспальная кровать""]","[""double""]","[{""bed"": ""double"", ""count"": 1}]",2,6500.00,6500.00,https://ostrovok.ru/hotel/russia/western_siberia_irkutsk_oblast_multi/mid8748836/otel_tsentral
otel_tsentral,8748836,Двухместный номер Standard (2 отдельные кровати) (тип кровати может измениться),3202402,2,2,2 отдельные кровати,"[""2 отдельные кровати""]","[""twin""]","[{""bed"": ""single"", ""count"": 2}]",2,6500.00,6500.00,https://ostrovok.ru/hotel/russia/western_siberia_irkutsk_oblast_multi/mid8748836/otel_tsentral
otel_tsentral,8748836,Двухместный номер Superior (2 отдельные кровати),3502402,2,2,2 отдельные кровати,"[""2 отдельные кровати""]","[""twin""]","[{""bed"": ""single"", ""count"": 2}]",2,6750.00,6750.00,https://ostrovok.ru/hotel/russia/western_siberia_irkutsk_oblast_multi/mid8748836/otel_tsentral
otel_tsentral,8748836,Двухместный номер Superior (двуспальная кровать),3502302,2,2,двуспальная кровать,"[""двуспальная кровать""]","[""double""]","[{""bed"": ""double"", ""count"": 1}]",2,6750.00,6750.00,https://ostrovok.ru/hotel/russia/western_siberia_irkutsk_oblast_multi/mid8748836/otel_tsentral
otel_tsentral,8748836,Двухместный люкс (двуспальная кровать),5002302,2,2,двуспальная кровать,"[""двуспальная кровать""]","[""double""]","[{""bed"": ""double"", ""count"": 1}]",2,13000.00,13000.00,https://ostrovok.ru/hotel/russia/western_siberia_irkutsk_oblast_multi/mid8748836/otel_tsentral
otel_tsentral,8748836,Двухместный люкс (2 отдельные кровати),5002402,2,2,2 отдельные кровати,"[""2 отдельные кровати""]","[""twin""]","[{""bed"": ""single"", ""count"": 2}]",2,13000.00,13000.00,https://ostrovok.ru/hotel/russia/western_siberia_irkutsk_oblast_multi/mid8748836/otel_tsentral
otel_tsentral,8748836,Люкс Baron Von Taube (в дополнительном здании),5302,2,2,,,"[""nobedding""]",,1,21375.00,21375.00,https://ostrovok.ru/hotel/russia/western_siberia_irkutsk_oblast_multi/mid8748836/otel_tsentral
olkhonstory_guest_house,8876953,Двухместный номер Standard с балконом (двуспальная кровать),3202302001,2,3,двуспальная кровать,"[""двуспальная кровать""]","[""double""]","[{""bed"": ""double"", ""count"": 1}]",2,8465.00,8500.00,https://ostrovok.ru/hotel/russia/western_siberia_irkutsk_oblast_multi/mid8876953/olkhonstory_guest_house
olkhonstory_guest_house,8876953,Номер Standard,3202,2,3,,,"[""nobedding""]",,1,8465.00,8500.00,https://ostrovok.ru/hotel/russia/western_siberia_irkutsk_oblast_multi/mid8876953/olkhonstory_guest_house
baikal_view_hotel,7681558,Двухместный номер Comfort с видом на озеро (двуспальная кровать),3302302000D,2,1,двуспальная кровать,"[""двуспальная кровать""]","[""double""]","[{""bed"": ""double"", ""count"": 1}]",2,10496.00,10540.00,https://ostrovok.ru/hotel/russia/western_siberia_irkutsk_oblast_multi/mid7681558/baikal_view_hotel
baikal_view_hotel,7681558,Двухместный номер Comfort с видом на озеро (2 отдельные кровати),3302402000D,2,1,2 отдельные кровати,"[""2 отдельные кровати""]","[""twin""]","[{""bed"": ""single"", ""count"": 2}]",2,10496.00,10540.00,https://ostrovok.ru/hotel/russia/western_siberia_irkutsk_oblast_multi/mid7681558/baikal_view_hotel
baikal_view_hotel,7681558,Двухместный номер Deluxe с видом на озеро (двуспальная кровать) (кровать queen size),3602302000D,2,2,двуспальная кровать,"[""двуспальная кровать""]","[""double""]","[{""bed"": ""double"", ""count"": 1}]",2,11761.00,11810.00,https://ostrovok.ru/hotel/russia/western_siberia_irkutsk_oblast_multi/mid7681558/baikal_view_hotel
baikal_view_hotel,7681558,Двухместный номер Deluxe с видом на озеро (2 отдельные кровати),3602402000D,2,2,2 отдельные кровати,"[""2 отдельные кровати""]","[""twin""]","[{""bed"": ""single"", ""count"": 2}]",2,11761.00,11810.00,https://ostrovok.ru/hotel/russia/western_siberia_irkutsk_oblast_multi/mid7681558/baikal_view_hotel
baikal_view_hotel,7681558,Четырёхместный номер Premium с видом на озеро,3A02004000D,2,1,,,"[""nobedding""]",,4,22786.00,22880.00,https://ostrovok.ru/hotel/russia/western_siberia_irkutsk_oblast_multi/mid7681558/baikal_view_hotel
history_boutiquehotel,9741097,Двухместный номер Классик с балконом (2 отдельные кровати),3B02402001,2,10,2 отдельные кровати,"[""2 отдельные кровати""]","[""twin""]","[{""bed"": ""single"", ""count"": 2}]",2,19372.50,21525.00,https://ostrovok.ru/hotel/russia/western_siberia_irkutsk_oblast_multi/mid9741097/history_boutiquehotel
history_boutiquehotel,9741097,Двухместный номер Классик с балконом (двуспальная кровать),3B02302001,2,10,двуспальная кровать,"[""двуспальная кровать""]","[""double""]","[{""bed"": ""double"", ""count"": 1}]",2,19372.50,21525.00,https://ostrovok.ru/hotel/russia/western_siberia_irkutsk_oblast_multi/mid9741097/history_boutiquehotel
history_boutiquehotel,9741097,Двухместный номер Комфорт с балконом (2 отдельные кровати),3302402001,2,4,2 отдельные кровати,"[""2 отдельные кровати""]","[""twin""]","[{""bed"": ""single"", ""count"": 2}]",2,21262.50,23625.00,https://ostrovok.ru/hotel/russia/western_siberia_irkutsk_oblast_multi/mid9741097/history_boutiquehotel
history_boutiquehotel,9741097,Двухместный номер Комфорт с балконом (двуспальная кровать),3302302001,2,4,двуспальная кровать,"[""двуспальная кровать""]","[""double""]","[{""bed"": ""double"", ""count"": 1}]",2,21262.50,23625.00,https://ostrovok.ru/hotel/russia/western_siberia_irkutsk_oblast_multi/mid9741097/history_boutiquehotel
history_boutiquehotel,9741097,Двухместный полулюкс Бизнес с балконом (двуспальная кровать) (кровать king size),4402302001,2,3,двуспальная кровать,"[""двуспальная кровать""]","[""double""]","[{""bed"": ""double"", ""count"": 1}]",2,24570.00,27300.00,https://ostrovok.ru/hotel/russia/western_siberia_irkutsk_oblast_multi/mid9741097/history_boutiquehotel
history_boutiquehotel,9741097,"Двухместный полулюкс Романтик с балконом (двуспальная кровать) (кровать king size, ванна)",4E02302001,2,1,двуспальная кровать,"[""двуспальная кровать""]","[""double""]","[{""bed"": ""double"", ""count"": 1}]",2,28350.00,31500.00,https://ostrovok.ru/hotel/russia/western_siberia_irkutsk_oblast_multi/mid9741097/history_boutiquehotel
history_boutiquehotel,9741097,Двухместный люкс Премьер с балконом (двуспальная кровать) (кровать king size),5702302001,2,2,двуспальная кровать,"[""двуспальная кровать""]","[""double""]","[{""bed"": ""double"", ""count"": 1}]",2,33547.50,37275.00,https://ostrovok.ru/hotel/russia/western_siberia_irkutsk_oblast_multi/mid9741097/history_boutiquehotel
inn_business_hall,8735100,Одноместный номер Standard с красивым видом из окна,3202001000U,2,2,,,"[""nobedding""]",,1,3790.00,4000.00,https://ostrovok.ru/hotel/russia/western_siberia_irkutsk_oblast_multi/mid8735100/inn_business_hall
inn_business_hall,8735100,Двухместный номер Standard с красивым видом из окна (2 отдельные кровати),3202402000U,2,9,2 отдельные кровати,"[""2 отдельные кровати""]","[""twin""]","[{""bed"": ""single"", ""count"": 2}]",2,4420.00,5050.00,https://ostrovok.ru/hotel/russia/western_siberia_irkutsk_oblast_multi/mid8735100/inn_business_hall
inn_business_hall,8735100,Двухместный номер улучшенный стандартный (2 отдельные кровати),3502402,2,2,2 отдельные кровати,"[""2 отдельные кровати""]","[""twin""]","[{""bed"": ""single"", ""count"": 2}]",2,4471.00,5260.00,https://ostrovok.ru/hotel/russia/western_siberia_irkutsk_oblast_multi/mid8735100/inn_business_hall
inn_business_hall,8735100,Двухместный люкс с видом на город (двуспальная кровать),50023020005,3,2,двуспальная кровать,"[""двуспальная кровать""]","[""double""]","[{""bed"": ""double"", ""count"": 1}]",2,7050.00,8730.00,https://ostrovok.ru/hotel/russia/western_siberia_irkutsk_oblast_multi/mid8735100/inn_business_hall
inn_business_hall,8735100,Двухместный номер Deluxe с видом на город (двуспальная кровать),36023020005,2,2,двуспальная кровать,"[""двуспальная кровать""]","[""double""]","[{""bed"": ""double"", ""count"": 1}]",2,7680.00,8100.00,https://ostrovok.ru/hotel/russia/western_siberia_irkutsk_oblast_multi/mid8735100/inn_business_hall
ibis_irkutsk_center,8734978,Двухместный номер Standard с видом на город (двуспальная кровать),32023020005,4,13,двуспальная кровать,"[""двуспальная кровать""]","[""double""]","[{""bed"": ""double"", ""count"": 1}]",2,6250.00,7500.00,https://ostrovok.ru/hotel/russia/western_siberia_irkutsk_oblast_multi/mid8734978/ibis_irkutsk_center
ibis_irkutsk_center,8734978,Двухместный номер Standard с видом на город (2 отдельные кровати),32024020005,2,6,2 отдельные кровати,"[""2 отдельные кровати""]","[""twin""]","[{""bed"": ""single"", ""count"": 2}]",2,6250.00,6250.00,https://ostrovok.ru/hotel/russia/western_siberia_irkutsk_oblast_multi/mid8734978/ibis_irkutsk_center
ibis_irkutsk_center,8734978,Двухместный номер Superior с видом на город (2 отдельные кровати),35024020005,2,2,2 отдельные кровати,"[""2 отдельные кровати""]","[""twin""]","[{""bed"": ""single"", ""count"": 2}]",2,7750.00,7750.00,https://ostrovok.ru/hotel/russia/western_siberia_irkutsk_oblast_multi/mid8734978/ibis_irkutsk_center
ibis_irkutsk_center,8734978,Люкс с 2 комнатами,500200002,2,1,,,"[""nobedding""]",,1,13750.00,13750.00,https://ostrovok.ru/hotel/russia/western_siberia_irkutsk_oblast_multi/mid8734978/ibis_irkutsk_center
international_hotel_sayen,7384846,Двухместный номер Делюкс (двуспальная кровать),3602302,2,6,двуспальная кровать,"[""двуспальная кровать""]","[""double""]","[{""bed"": ""double"", ""count"": 1}]",2,20000.00,20000.00,https://ostrovok.ru/hotel/russia/western_siberia_irkutsk_oblast_multi/mid7384846/international_hotel_sayen
international_hotel_sayen,7384846,Двухместный номер Делюкс Бизнес (двуспальная кровать),3402302,2,5,двуспальная кровать,"[""двуспальная кровать""]","[""double""]","[{""bed"": ""double"", ""count"": 1}]",2,21800.00,21800.00,https://ostrovok.ru/hotel/russia/western_siberia_irkutsk_oblast_multi/mid7384846/international_hotel_sayen
international_hotel_sayen,7384846,Двухместная студия (двуспальная кровать),7002302,2,3,двуспальная кровать,"[""двуспальная кровать""]","[""double""]","[{""bed"": ""double"", ""count"": 1}]",2,23300.00,23300.00,https://ostrovok.ru/hotel/russia/western_siberia_irkutsk_oblast_multi/mid7384846/international_hotel_sayen
international_hotel_sayen,7384846,Двухместный люкс (двуспальная кровать),5002302,2,2,двуспальная кровать,"[""двуспальная кровать""]","[""double""]","[{""bed"": ""double"", ""count"": 1}]",2,31000.00,31000.00,https://ostrovok.ru/hotel/russia/western_siberia_irkutsk_oblast_multi/mid7384846/international_hotel_sayen
international_hotel_sayen,7384846,Четырёхместный номер Семейный с 2 комнатами,3E0200402,2,1,,,"[""nobedding""]",,4,40000.00,40000.00,https://ostrovok.ru/hotel/russia/western_siberia_irkutsk_oblast_multi/mid7384846/international_hotel_sayen
international_hotel_sayen,7384846,Двухместные апартаменты (двуспальная кровать),6002302,2,1,двуспальная кровать,"[""двуспальная кровать""]","[""double""]","[{""bed"": ""double"", ""count"": 1}]",2,51000.00,51000.00,https://ostrovok.ru/hotel/russia/western_siberia_irkutsk_oblast_multi/mid7384846/international_hotel_sayen
minihotel_albatros,6481029,Двухместный номер Standard (2 отдельные кровати) (тип кровати может измениться),3202402,4,1,2 отдельные кровати,"[""2 отдельные кровати""]","[""twin""]","[{""bed"": ""single"", ""count"": 2}]",2,2700.00,3100.00,https://ostrovok.ru/hotel/russia/western_siberia_irkutsk_oblast_multi/mid6481029/minihotel_albatros
minihotel_albatros,6481029,Трёхместный номер Economy,3102003,4,1,,,"[""nobedding""]",,3,2700.00,3100.00,https://ostrovok.ru/hotel/russia/western_siberia_irkutsk_oblast_multi/mid6481029/minihotel_albatros
minihotel_albatros,6481029,Четырёхместный номер Economy,3102004,4,1,,,"[""nobedding""]",,4,2700.00,3100.00,https://ostrovok.ru/hotel/russia/western_siberia_irkutsk_oblast_multi/mid6481029/minihotel_albatros
minihotel_albatros,6481029,Трёхместный номер Standard,3202003,2,1,,,"[""nobedding""]",,3,2700.00,3100.00,https://ostrovok.ru/hotel/russia/western_siberia_irkutsk_oblast_multi/mid6481029/minihotel_albatros
minihotel_albatros,6481029,Двухместный номер Standard (двуспальная кровать) (тип кровати может измениться),3202302,4,1,двуспальная кровать,"[""двуспальная кровать""]","[""double""]","[{""bed"": ""double"", ""count"": 1}]",2,3000.00,3400.00,https://ostrovok.ru/hotel/russia/western_siberia_irkutsk_oblast_multi/mid6481029/minihotel_albatros
otel_irkut,8348721,Одноместный номер Standard,3202001,2,3,,,"[""nobedding""]",,1,3200.00,3200.00,https://ostrovok.ru/hotel/russia/western_siberia_irkutsk_oblast_multi/mid8348721/otel_irkut
otel_irkut,8348721,Одноместный номер Superior,3502001,2,1,,,"[""nobedding""]",,1,3500.00,3500.00,https://ostrovok.ru/hotel/russia/western_siberia_irkutsk_oblast_multi/mid8348721/otel_irkut
otel_irkut,8348721,Двухместный номер Standard (2 отдельные кровати),3202402,2,6,2 отдельные кровати,"[""2 отдельные кровати""]","[""twin""]","[{""bed"": ""single"", ""count"": 2}]",2,3500.00,3500.00,https://ostrovok.ru/hotel/russia/western_siberia_irkutsk_oblast_multi/mid8348721/otel_irkut
otel_irkut,8348721,Двухместный номер Superior (2 отдельные кровати),3502402,2,5,2 отдельные кровати,"[""2 отдельные кровати""]","[""twin""]","[{""bed"": ""single"", ""count"": 2}]",2,3900.00,3900.00,https://ostrovok.ru/hotel/russia/western_siberia_irkutsk_oblast_multi/mid8348721/otel_irkut
otel_irkut,8348721,Двухместный номер Superior (двуспальная кровать),3502302,2,2,двуспальная кровать,"[""двуспальная кровать""]","[""double""]","[{""bed"": ""double"", ""count"": 1}]",2,3900.00,3900.00,https://ostrovok.ru/hotel/russia/western_siberia_irkutsk_oblast_multi/mid8348721/otel_irkut
otel_irkut,8348721,Двухместный номер Standard Premium (двуспальная кровать),3A02302,2,1,двуспальная кровать,"[""двуспальная кровать""]","[""double""]","[{""bed"": ""double"", ""count"": 1}]",2,6800.00,6800.00,https://ostrovok.ru/hotel/russia/western_siberia_irkutsk_oblast_multi/mid8348721/otel_irkut
hotel_kurshavel_,6456691,Двухместный номер Standard (двуспальная кровать),3202302,2,2,двуспальная кровать,"[""двуспальная кровать""]","[""double""]","[{""bed"": ""double"", ""count"": 1}]",2,3485.00,3500.00,https://ostrovok.ru/hotel/russia/western_siberia_irkutsk_oblast_multi/mid6456691/hotel_kurshavel_
hotel_kurshavel_,6456691,Двухместный номер Standard (2 отдельные кровати),3202402,2,7,2 отдельные кровати,"[""2 отдельные кровати""]","[""twin""]","[{""bed"": ""single"", ""count"": 2}]",2,3485.00,3500.00,https://ostrovok.ru/hotel/russia/western_siberia_irkutsk_oblast_multi/mid6456691/hotel_kurshavel_
hotel_kurshavel_,6456691,Трёхместный номер Standard,3202003,2,1,,,"[""nobedding""]",,3,3884.00,3900.00,https://ostrovok.ru/hotel/russia/western_siberia_irkutsk_oblast_multi/mid6456691/hotel_kurshavel_
hotel_kurshavel_,6456691,Двухместный номер Superior (двуспальная кровать),3502302,2,1,двуспальная кровать,"[""двуспальная кровать""]","[""double""]","[{""bed"": ""double"", ""count"": 1}]",2,3983.00,4000.00,https://ostrovok.ru/hotel/russia/western_siberia_irkutsk_oblast_multi/mid6456691/hotel_kurshavel_
hotel_kurshavel_,6456691,Номер Standard с 2 комнатами,320200002,2,1,,,"[""nobedding""]",,1,4979.00,5000.00,https://ostrovok.ru/hotel/russia/western_siberia_irkutsk_oblast_multi/mid6456691/hotel_kurshavel_
gostinitsa_undina,9079103,Двухместный семейный номер Standard с видом на озеро (двуспальная кровать),3202312000D,1,3,двуспальная кровать,"[""двуспальная кровать""]","[""double""]","[{""bed"": ""double"", ""count"": 1}]",2,8465.00,8465.00,https://ostrovok.ru/hotel/russia/western_siberia_irkutsk_oblast_multi/mid9079103/gostinitsa_undina
gostinitsa_undina,9079103,Двухместный номер Standard с видом на озеро (2 отдельные кровати),3202402000D,1,5,2 отдельные кровати,"[""2 отдельные кровати""]","[""twin""]","[{""bed"": ""single"", ""count"": 2}]",2,8465.00,8465.00,https://ostrovok.ru/hotel/russia/western_siberia_irkutsk_oblast_multi/mid9079103/gostinitsa_undina
gostinitsa_undina,9079103,Полулюкс,4002,1,1,,,"[""nobedding""]",,1,21511.00,21511.00,https://ostrovok.ru/hotel/russia/western_siberia_irkutsk_oblast_multi/mid9079103/gostinitsa_undina
gostinitsa_undina,9079103,Люкс,5002,1,1,,,"[""nobedding""]",,1,27486.00,27486.00,https://ostrovok.ru/hotel/russia/western_siberia_irkutsk_oblast_multi/mid9079103/gostinitsa_undina
7_dorog,7029576,Двухместный номер Standard с видом на город (2 отдельные кровати),32024020005,4,2,2 отдельные кровати,"[""2 отдельные кровати""]","[""twin""]","[{""bed"": ""single"", ""count"": 2}]",2,5790.00,6390.00,https://ostrovok.ru/hotel/russia/western_siberia_irkutsk_oblast_multi/mid7029576/7_dorog
7_dorog,7029576,Двухместный номер Superior с видом на город (2 отдельные кровати),35024020005,4,1,2 отдельные кровати,"[""2 отдельные кровати""]","[""twin""]","[{""bed"": ""single"", ""count"": 2}]",2,6770.00,7370.00,https://ostrovok.ru/hotel/russia/western_siberia_irkutsk_oblast_multi/mid7029576/7_dorog
7_dorog,7029576,Семейный номер Superior с видом на город,35020100005,4,1,,,"[""nobedding""]",,3,6770.00,7370.00,https://ostrovok.ru/hotel/russia/western_siberia_irkutsk_oblast_multi/mid7029576/7_dorog
7_dorog,7029576,Двухместный номер Superior с видом на город (двуспальная кровать),35023020005,4,2,двуспальная кровать,"[""двуспальная кровать""]","[""double""]","[{""bed"": ""double"", ""count"": 1}]",2,6770.00,7370.00,https://ostrovok.ru/hotel/russia/western_siberia_irkutsk_oblast_multi/mid7029576/7_dorog
7_dorog,7029576,Семейный люкс с 2 комнатами с видом на город,50020100205,4,2,,,"[""nobedding""]",,3,7930.00,8790.00,https://ostrovok.ru/hotel/russia/western_siberia_irkutsk_oblast_multi/mid7029576/7_dorog
dauria_hotel_2,7685971,Двухместный номер Standard (2 отдельные кровати),3202402,1,10,2 отдельные кровати,"[""2 отдельные кровати""]","[""twin""]","[{""bed"": ""single"", ""count"": 2}]",2,4500.00,4500.00,https://ostrovok.ru/hotel/russia/western_siberia_irkutsk_oblast_multi/mid7685971/dauria_hotel_2
dauria_hotel_2,7685971,Двухместный номер Standard (двуспальная кровать),3202302,1,10,двуспальная кровать,"[""двуспальная кровать""]","[""double""]","[{""bed"": ""double"", ""count"": 1}]",2,4500.00,4500.00,https://ostrovok.ru/hotel/russia/western_siberia_irkutsk_oblast_multi/mid7685971/dauria_hotel_2
dauria_hotel_2,7685971,Двухместный номер Superior (двуспальная кровать),3502302,1,1,двуспальная кровать,"[""двуспальная кровать""]","[""double""]","[{""bed"": ""double"", ""count"": 1}]",2,5500.00,5500.00,https://ostrovok.ru/hotel/russia/western_siberia_irkutsk_oblast_multi/mid7685971/dauria_hotel_2
dauria_hotel_2,7685971,Двухместный номер Superior (2 отдельные кровати),3502402,1,1,2 отдельные кровати,"[""2 отдельные кровати""]","[""twin""]","[{""bed"": ""single"", ""count"": 2}]",2,5500.00,5500.00,https://ostrovok.ru/hotel/russia/western_siberia_irkutsk_oblast_multi/mid7685971/dauria_hotel_2
dauria_hotel_2,7685971,Апартаменты,6002,2,1,,,"[""nobedding""]",,1,12000.00,12000.00,https://ostrovok.ru/hotel/russia/western_siberia_irkutsk_oblast_multi/mid7685971/dauria_hotel_2
nebo_baykala_guest_house,10006764,Двухместный номер Standard рядом с пляжем (общая ванная комната) (2 отдельные кровати),3201402000V,2,3,2 отдельные кровати,"[""2 отдельные кровати""]","[""twin""]","[{""bed"": ""single"", ""count"": 2}]",2,2987.00,3000.00,https://ostrovok.ru/hotel/russia/western_siberia_irkutsk_oblast_multi/mid10006764/nebo_baykala_guest_house
nebo_baykala_guest_house,10006764,Трёхместный номер Economy с балконом (общая ванная комната),3101003001,2,1,,,"[""nobedding""]",,3,3485.00,3500.00,https://ostrovok.ru/hotel/russia/western_siberia_irkutsk_oblast_multi/mid10006764/nebo_baykala_guest_house
nebo_baykala_guest_house,10006764,Двухместный номер Superior с балконом (двуспальная кровать),3502302001,2,1,двуспальная кровать,"[""двуспальная кровать""]","[""double""]","[{""bed"": ""double"", ""count"": 1}]",2,3983.00,4000.00,https://ostrovok.ru/hotel/russia/western_siberia_irkutsk_oblast_multi/mid10006764/nebo_baykala_guest_house
nebo_baykala_guest_house,10006764,Номер Comfort,3302,2,1,,,"[""nobedding""]",,1,4979.00,5000.00,https://ostrovok.ru/hotel/russia/western_siberia_irkutsk_oblast_multi/mid10006764/nebo_baykala_guest_house
hotel_barguzin,10012829,Номер Superior,3502,2,2,,,"[""nobedding""]",,1,7967.00,8000.00,https://ostrovok.ru/hotel/russia/western_siberia_irkutsk_oblast_multi/mid10012829/hotel_barguzin
hotel_barguzin,10012829,Номер Standard,3202,2,2,,,"[""nobedding""]",,1,7967.00,8000.00,https://ostrovok.ru/hotel/russia/western_siberia_irkutsk_oblast_multi/mid10012829/hotel_barguzin
magas,6839053,Кровать в общем номере (общая ванная комната) (4 кровати),1001,2,2,,,"[""nobedding""]",,1,1493.00,1500.00,https://ostrovok.ru/hotel/russia/western_siberia_irkutsk_oblast_multi/mid6839053/magas
magas,6839053,Кровать в общем номере (женский номер) (общая ванная комната) (3 кровати),1021,1,2,,,"[""nobedding""]",,1,1500.00,1500.00,https://ostrovok.ru/hotel/russia/western_siberia_irkutsk_oblast_multi/mid6839053/magas
magas,6839053,Двухместный номер Standard с видом на город (2 отдельные кровати),32024020005,2,3,2 отдельные кровати,"[""2 отдельные кровати""]","[""twin""]","[{""bed"": ""single"", ""count"": 2}]",2,3285.00,3300.00,https://ostrovok.ru/hotel/russia/western_siberia_irkutsk_oblast_multi/mid6839053/magas
magas,6839053,Трёхместный номер Classic,3B02003,2,5,,,"[""nobedding""]",,3,3285.00,3300.00,https://ostrovok.ru/hotel/russia/western_siberia_irkutsk_oblast_multi/mid6839053/magas
magas,6839053,Двухместный полулюкс (двуспальная кровать),4002302,2,5,двуспальная кровать,"[""двуспальная кровать""]","[""double""]","[{""bed"": ""double"", ""count"": 1}]",2,4281.00,4300.00,https://ostrovok.ru/hotel/russia/western_siberia_irkutsk_oblast_multi/mid6839053/magas
kalina_house_olkhon_baikal_guest_house,10608446,Номер Comfort с балконом,3302000001,2,2,,,"[""nobedding""]",,1,10455.00,10500.00,https://ostrovok.ru/hotel/russia/western_siberia_irkutsk_oblast_multi/mid10608446/kalina_house_olkhon_baikal_guest_house
hotel_nataly_2,7776564,Двухместный номер Economy с красивым видом из окна (общая ванная комната) (2 отдельные кровати),3101402000U,1,2,2 отдельные кровати,"[""2 отдельные кровати""]","[""twin""]","[{""bed"": ""single"", ""count"": 2}]",2,3800.00,3800.00,https://ostrovok.ru/hotel/russia/western_siberia_irkutsk_oblast_multi/mid7776564/hotel_nataly_2
hotel_nataly_2,7776564,Двухместный номер Economy с красивым видом из окна (общая ванная комната) (двуспальная кровать),3101302000U,1,2,двуспальная кровать,"[""двуспальная кровать""]","[""double""]","[{""bed"": ""double"", ""count"": 1}]",2,4500.00,4500.00,https://ostrovok.ru/hotel/russia/western_siberia_irkutsk_oblast_multi/mid7776564/hotel_nataly_2
hotel_nataly_2,7776564,Люкс с красивым видом из окна,5002000000U,1,1,,,"[""nobedding""]",,1,7000.00,7000.00,https://ostrovok.ru/hotel/russia/western_siberia_irkutsk_oblast_multi/mid7776564/hotel_nataly_2
hotel_nataly_2,7776564,Апартаменты с 2 комнатами,600200002,1,1,,,"[""nobedding""]",,1,7000.00,7000.00,https://ostrovok.ru/hotel/russia/western_siberia_irkutsk_oblast_multi/mid7776564/hotel_nataly_2
arena_g_irkutsk,8491921,Одноместный номер Superior (общая ванная комната),3501001,2,2,,,"[""nobedding""]",,1,2500.00,2504.00,https://ostrovok.ru/hotel/russia/western_siberia_irkutsk_oblast_multi/mid8491921/arena_g_irkutsk
arena_g_irkutsk,8491921,Двухместный номер Superior (общая ванная комната) (2 отдельные кровати),3501402,2,4,2 отдельные кровати,"[""2 отдельные кровати""]","[""twin""]","[{""bed"": ""single"", ""count"": 2}]",2,3000.00,3005.00,https://ostrovok.ru/hotel/russia/western_siberia_irkutsk_oblast_multi/mid8491921/arena_g_irkutsk
arena_g_irkutsk,8491921,Двухместный семейный номер Standard с видом на город (двуспальная кровать и диван),32023120005,2,5,двуспальная кровать и диван,"[""двуспальная кровать"", ""диван""]","[""double""]","[{""bed"": ""double"", ""count"": 1}]",3,4000.00,4007.00,https://ostrovok.ru/hotel/russia/western_siberia_irkutsk_oblast_multi/mid8491921/arena_g_irkutsk
baykal_guest_house_3,13308043,Двухместный номер Standard (2 отдельные кровати),3202402,2,1,2 отдельные кровати,"[""2 отдельные кровати""]","[""twin""]","[{""bed"": ""single"", ""count"": 2}]",2,3485.00,3500.00,https://ostrovok.ru/hotel/russia/western_siberia_irkutsk_oblast_multi/mid13308043/baykal_guest_house_3
baykal_guest_house_3,13308043,Номер Standard с 3 комнатами с видом на озеро,3202000030D,2,2,,,"[""nobedding""]",,1,3983.00,4000.00,https://ostrovok.ru/hotel/russia/western_siberia_irkutsk_oblast_multi/mid13308043/baykal_guest_house_3
baykal_guest_house_3,13308043,Двухместный номер Standard с видом на озеро (двуспальная кровать) (тип кровати может измениться),3202302000D,2,1,двуспальная кровать,"[""двуспальная кровать""]","[""double""]","[{""bed"": ""double"", ""count"": 1}]",2,3983.00,4000.00,https://ostrovok.ru/hotel/russia/western_siberia_irkutsk_oblast_multi/mid13308043/baykal_guest_house_3
baykal_guest_house_3,13308043,Семейный номер Classic с видом на озеро,3B02010000D,2,2,,,"[""nobedding""]",,3,4182.00,4200.00,https://ostrovok.ru/hotel/russia/western_siberia_irkutsk_oblast_multi/mid13308043/baykal_guest_house_3
baykal_guest_house_3,13308043,Кровать в общем номере с видом на внутренний двор (общая ванная комната) (4 кровати),10010000006,2,4,,,"[""nobedding""]",,1,5477.00,5500.00,https://ostrovok.ru/hotel/russia/western_siberia_irkutsk_oblast_multi/mid13308043/baykal_guest_house_3
minihotel_panda,6479321,Трёхместный номер Economy (общая ванная комната),3101003,2,1,,,"[""nobedding""]",,3,2520.00,2520.00,https://ostrovok.ru/hotel/russia/western_siberia_irkutsk_oblast_multi/mid6479321/minihotel_panda
minihotel_panda,6479321,Двухместный номер Economy (общая ванная комната) (двуспальная кровать),3101302,2,1,двуспальная кровать,"[""двуспальная кровать""]","[""double""]","[{""bed"": ""double"", ""count"": 1}]",2,2520.00,2520.00,https://ostrovok.ru/hotel/russia/western_siberia_irkutsk_oblast_multi/mid6479321/minihotel_panda
minihotel_panda,6479321,Двухместный номер Standard с видом на город (двуспальная кровать),32023020005,2,1,двуспальная кровать,"[""двуспальная кровать""]","[""double""]","[{""bed"": ""double"", ""count"": 1}]",2,2700.00,2700.00,https://ostrovok.ru/hotel/russia/western_siberia_irkutsk_oblast_multi/mid6479321/minihotel_panda
minihotel_panda,6479321,Двухместный номер Comfort с видом на город (двуспальная кровать),33023020005,2,1,двуспальная кровать,"[""двуспальная кровать""]","[""double""]","[{""bed"": ""double"", ""count"": 1}]",2,3060.00,3060.00,https://ostrovok.ru/hotel/russia/western_siberia_irkutsk_oblast_multi/mid6479321/minihotel_panda
minihotel_panda,6479321,Двухместный номер Superior (двуспальная кровать),3502302,2,1,двуспальная кровать,"[""двуспальная кровать""]","[""double""]","[{""bed"": ""double"", ""count"": 1}]",2,3600.00,3600.00,https://ostrovok.ru/hotel/russia/western_siberia_irkutsk_oblast_multi/mid6479321/minihotel_panda
minihotel_panda,6479321,Трёхместный номер Standard,3202003,2,1,,,"[""nobedding""]",,3,3600.00,3600.00,https://ostrovok.ru/hotel/russia/western_siberia_irkutsk_oblast_multi/mid6479321/minihotel_panda
city_park_hotel_13,9987117,Полулюкс Comfort с красивым видом из окна,4302000000U,2,1,,,"[""nobedding""]",,1,2459.00,2470.00,https://ostrovok.ru/hotel/russia/western_siberia_irkutsk_oblast_multi/mid9987117/city_park_hotel_13
city_park_hotel_13,9987117,Номер Deluxe с балконом и с видом на город,36020000015,2,1,,,"[""nobedding""]",,1,2554.00,2565.00,https://ostrovok.ru/hotel/russia/western_siberia_irkutsk_oblast_multi/mid9987117/city_park_hotel_13
