ota_hotel_id,master_id,room_name,rg_hash,count_rg_hash,allotment,bedding_type,beds,bedding_data,multi_bed_data,capacity,price_rub_min,price_rub_max,url
meridian_7,6297237,Одноместный номер Standard Plus,3B02001,2,8,,,"[""nobedding""]",,1,4200.00,4558.00,https://ostrovok.ru/hotel/russia/western_siberia_irkutsk_oblast_multi/mid6297237/meridian_7
meridian_7,6297237,Двухместный номер Comfort (двуспальная кровать) (тип кровати может измениться),3302302,2,7,двуспальная кровать,"[""двуспальная кровать""]","[""double""]","[{""bed"": ""double"", ""count"": 1}]",2,4700.00,4891.00,https://ostrovok.ru/hotel/russia/western_siberia_irkutsk_oblast_multi/mid6297237/meridian_7
meridian_7,6297237,Двухместный люкс (двуспальная кровать),5002302,2,0,двуспальная кровать,"[""двуспальная кровать""]","[""double""]","[{""bed"": ""double"", ""count"": 1}]",2,6005.00,6200.00,https://ostrovok.ru/hotel/russia/western_siberia_irkutsk_oblast_multi/mid6297237/meridian_7
meridian_7,6297237,Двухместный полулюкс (двуспальная кровать) (тип кровати может измениться),4002302,1,2,двуспальная кровать,"[""двуспальная кровать""]","[""double""]","[{""bed"": ""double"", ""count"": 1}]",2,6200.00,6200.00,https://ostrovok.ru/hotel/russia/western_siberia_irkutsk_oblast_multi/mid6297237/meridian_7
meridian_7,6297237,Номер VIP,3602,1,1,,,"[""nobedding""]",,1,8000.00,8000.00,https://ostrovok.ru/hotel/russia/western_siberia_irkutsk_oblast_multi/mid6297237/meridian_7
irkutsk_city_center,13384478,Двухместный номер Делюкс (двуспальная кровать) (кровать king size),3602302,4,24,двуспальная кровать,"[""двуспальная кровать""]","[""double""]","[{""bed"": ""double"", ""count"": 1}]",2,5100.00,6100.00,https://ostrovok.ru/hotel/russia/western_siberia_irkutsk_oblast_multi/mid13384478/irkutsk_city_center
irkutsk_city_center,13384478,Двухместный номер Делюкс (2 отдельные кровати),3602402,4,25,2 отдельные кровати,"[""2 отдельные кровати""]","[""twin""]","[{""bed"": ""single"", ""count"": 2}]",2,5100.00,6100.00,https://ostrovok.ru/hotel/russia/western_siberia_irkutsk_oblast_multi/mid13384478/irkutsk_city_center
irkutsk_city_center,13384478,Двухместный номер Бизнес Делюкс (2 отдельные кровати),3602412,4,48,2 отдельные кровати,"[""2 отдельные кровати""]","[""twin""]","[{""bed"": ""single"", ""count"": 2}]",2,6600.00,7600.00,https://ostrovok.ru/hotel/russia/western_siberia_irkutsk_oblast_multi/mid13384478/irkutsk_city_center
irkutsk_city_center,13384478,Двухместный номер Бизнес Делюкс (двуспальная кровать) (кровать king size),3602312,4,47,двуспальная кровать,"[""двуспальная кровать""]","[""double""]","[{""bed"": ""double"", ""count"": 1}]",2,6600.00,7600.00,https://ostrovok.ru/hotel/russia/western_siberia_irkutsk_oblast_multi/mid13384478/irkutsk_city_center
irkutsk_city_center,13384478,Двухместный номер Бизнес Гранд Делюкс (двуспальная кровать) (кровать king size),3D02312,4,1,двуспальная кровать,"[""двуспальная кровать""]","[""double""]","[{""bed"": ""double"", ""count"": 1}]",2,8000.00,9000.00,https://ostrovok.ru/hotel/russia/western_siberia_irkutsk_oblast_multi/mid13384478/irkutsk_city_center
irkutsk_city_center,13384478,Двухместный люкс Бизнес (двуспальная кровать) (кровать king size),5002312,2,3,двуспальная кровать,"[""двуспальная кровать""]","[""double""]","[{""bed"": ""double"", ""count"": 1}]",2,12500.00,12500.00,https://ostrovok.ru/hotel/russia/western_siberia_irkutsk_oblast_multi/mid13384478/irkutsk_city_center
evropa_hotel,7828771,Одноместный номер Economy,3102001,6,4,,,"[""nobedding""]",,1,3100.00,5300.00,https://ostrovok.ru/hotel/russia/western_siberia_irkutsk_oblast_multi/mid7828771/evropa_hotel
evropa_hotel,7828771,Одноместный номер Standard,3202001,6,6,,,"[""nobedding""]",,1,3900.00,6100.00,https://ostrovok.ru/hotel/russia/western_siberia_irkutsk_oblast_multi/mid7828771/evropa_hotel
evropa_hotel,7828771,Двухместный номер Standard (2 отдельные кровати),3202402,6,3,2 отдельные кровати,"[""2 отдельные кровати""]","[""twin""]","[{""bed"": ""single"", ""count"": 2}]",2,4300.00,6500.00,https://ostrovok.ru/hotel/russia/western_siberia_irkutsk_oblast_multi/mid7828771/evropa_hotel
evropa_hotel,7828771,Двухместный номер Standard (двуспальная кровать),3202302,6,3,двуспальная кровать,"[""двуспальная кровать""]","[""double""]","[{""bed"": ""double"", ""count"": 1}]",2,4300.00,6500.00,https://ostrovok.ru/hotel/russia/western_siberia_irkutsk_oblast_multi/mid7828771/evropa_hotel
evropa_hotel,7828771,Одноместный номер Superior,3502001,6,7,,,"[""nobedding""]",,1,4500.00,6700.00,https://ostrovok.ru/hotel/russia/western_siberia_irkutsk_oblast_multi/mid7828771/evropa_hotel
evropa_hotel,7828771,Двухместный Джуниор сьют (двуспальная кровать),4002302,6,2,двуспальная кровать,"[""двуспальная кровать""]","[""double""]","[{""bed"": ""double"", ""count"": 1}]",2,9200.00,11400.00,https://ostrovok.ru/hotel/russia/western_siberia_irkutsk_oblast_multi/mid7828771/evropa_hotel
evropa_hotel,7828771,Двухместный номер Comfort Modern с видом на город (2 отдельные кровати),36024020005,6,2,2 отдельные кровати,"[""2 отдельные кровати""]","[""twin""]","[{""bed"": ""single"", ""count"": 2}]",2,10500.00,12700.00,https://ostrovok.ru/hotel/russia/western_siberia_irkutsk_oblast_multi/mid7828771/evropa_hotel
evropa_hotel,7828771,Двухместный номер Comfort Modern с видом на город (двуспальная кровать),36023020005,6,2,двуспальная кровать,"[""двуспальная кровать""]","[""double""]","[{""bed"": ""double"", ""count"": 1}]",2,10500.00,12700.00,https://ostrovok.ru/hotel/russia/western_siberia_irkutsk_oblast_multi/mid7828771/evropa_hotel
podlemorie_hotel,7679750,Двухместный номер Standard (2 отдельные кровати),3202402,2,2,2 отдельные кровати,"[""2 отдельные кровати""]","[""twin""]","[{""bed"": ""single"", ""count"": 2}]",2,4000.00,4000.00,https://ostrovok.ru/hotel/russia/western_siberia_irkutsk_oblast_multi/mid7679750/podlemorie_hotel
podlemorie_hotel,7679750,Двухместный номер Standard с видом на озеро (2 отдельные кровати),3202402000D,2,2,2 отдельные кровати,"[""2 отдельные кровати""]","[""twin""]","[{""bed"": ""single"", ""count"": 2}]",2,4500.00,4500.00,https://ostrovok.ru/hotel/russia/western_siberia_irkutsk_oblast_multi/mid7679750/podlemorie_hotel
podlemorie_hotel,7679750,Двухместный номер Superior (двуспальная кровать),3502302,2,1,двуспальная кровать,"[""двуспальная кровать""]","[""double""]","[{""bed"": ""double"", ""count"": 1}]",2,5000.00,5000.00,https://ostrovok.ru/hotel/russia/western_siberia_irkutsk_oblast_multi/mid7679750/podlemorie_hotel
podlemorie_hotel,7679750,Трёхместный номер Superior,3502003,2,1,,,"[""nobedding""]",,3,6500.00,6500.00,https://ostrovok.ru/hotel/russia/western_siberia_irkutsk_oblast_multi/mid7679750/podlemorie_hotel
hotel_nuur_hotel,13174758,Одноместный номер Standard,3202001,4,1,,,"[""nobedding""]",,1,6000.00,7000.00,https://ostrovok.ru/hotel/russia/western_siberia_irkutsk_oblast_multi/mid13174758/hotel_nuur_hotel
hotel_nuur_hotel,13174758,Номер Standard (двуспальная кровать),3202302,4,3,двуспальная кровать,"[""двуспальная кровать""]","[""double""]","[{""bed"": ""double"", ""count"": 1}]",2,6000.00,7000.00,https://ostrovok.ru/hotel/russia/western_siberia_irkutsk_oblast_multi/mid13174758/hotel_nuur_hotel
hotel_nuur_hotel,13174758,Номер Standard (2 отдельные кровати),3202402,4,3,2 отдельные кровати,"[""2 отдельные кровати""]","[""twin""]","[{""bed"": ""single"", ""count"": 2}]",2,6000.00,7000.00,https://ostrovok.ru/hotel/russia/western_siberia_irkutsk_oblast_multi/mid13174758/hotel_nuur_hotel
hotel_nuur_hotel,13174758,Двухместный Джуниор Сюит (2 отдельные кровати),4002402,4,2,2 отдельные кровати,"[""2 отдельные кровати""]","[""twin""]","[{""bed"": ""single"", ""count"": 2}]",2,7000.00,8000.00,https://ostrovok.ru/hotel/russia/western_siberia_irkutsk_oblast_multi/mid13174758/hotel_nuur_hotel
hotel_nuur_hotel,13174758,Двухместный Джуниор Сюит (двуспальная кровать),4002302,4,2,двуспальная кровать,"[""двуспальная кровать""]","[""double""]","[{""bed"": ""double"", ""count"": 1}]",2,7000.00,8000.00,https://ostrovok.ru/hotel/russia/western_siberia_irkutsk_oblast_multi/mid13174758/hotel_nuur_hotel
hotel_nuur_hotel,13174758,Двухместный Джуниор Сюит Business (двуспальная кровать) (кровать king size),4402302,4,2,двуспальная кровать,"[""двуспальная кровать""]","[""double""]","[{""bed"": ""double"", ""count"": 1}]",2,7500.00,8500.00,https://ostrovok.ru/hotel/russia/western_siberia_irkutsk_oblast_multi/mid13174758/hotel_nuur_hotel
hotel_nuur_hotel,13174758,"Двухместные апартаменты (двуспальная кровать) (кровать king size, терраса)",6002302,4,1,двуспальная кровать,"[""двуспальная кровать""]","[""double""]","[{""bed"": ""double"", ""count"": 1}]",2,9500.00,10500.00,https://ostrovok.ru/hotel/russia/western_siberia_irkutsk_oblast_multi/mid13174758/hotel_nuur_hotel
victory_hotel_4,8457230,Двухместный номер Стандартный (двуспальная кровать),3202302,4,3,двуспальная кровать,"[""двуспальная кровать""]","[""double""]","[{""bed"": ""double"", ""count"": 1}]",2,3000.00,4700.00,https://ostrovok.ru/hotel/russia/western_siberia_irkutsk_oblast_multi/mid8457230/victory_hotel_4
victory_hotel_4,8457230,Двухместный номер Стандартный (2 отдельные кровати),3202402,4,3,2 отдельные кровати,"[""2 отдельные кровати""]","[""twin""]","[{""bed"": ""single"", ""count"": 2}]",2,3000.00,4700.00,https://ostrovok.ru/hotel/russia/western_siberia_irkutsk_oblast_multi/mid8457230/victory_hotel_4
victory_hotel_4,8457230,Двухместный номер Стандартный Улучшенный (двуспальная кровать),3502302,4,7,двуспальная кровать,"[""двуспальная кровать""]","[""double""]","[{""bed"": ""double"", ""count"": 1}]",2,3400.00,5200.00,https://ostrovok.ru/hotel/russia/western_siberia_irkutsk_oblast_multi/mid8457230/victory_hotel_4
victory_hotel_4,8457230,Двухместный номер Стандартный Улучшенный (2 отдельные кровати),3502402,4,7,2 отдельные кровати,"[""2 отдельные кровати""]","[""twin""]","[{""bed"": ""single"", ""count"": 2}]",2,3400.00,5200.00,https://ostrovok.ru/hotel/russia/western_siberia_irkutsk_oblast_multi/mid8457230/victory_hotel_4
victory_hotel_4,8457230,Двухместная студия (двуспальная кровать),7002302,4,3,двуспальная кровать,"[""двуспальная кровать""]","[""double""]","[{""bed"": ""double"", ""count"": 1}]",2,4000.00,5700.00,https://ostrovok.ru/hotel/russia/western_siberia_irkutsk_oblast_multi/mid8457230/victory_hotel_4
flagman_hotel_4,9081483,Двухместный номер Standard (2 отдельные кровати),3202402,2,5,2 отдельные кровати,"[""2 отдельные кровати""]","[""twin""]","[{""bed"": ""single"", ""count"": 2}]",2,6000.00,6000.00,https://ostrovok.ru/hotel/russia/western_siberia_irkutsk_oblast_multi/mid9081483/flagman_hotel_4
flagman_hotel_4,9081483,Одноместный номер Comfort,3302001,2,2,,,"[""nobedding""]",,1,6500.00,6500.00,https://ostrovok.ru/hotel/russia/western_siberia_irkutsk_oblast_multi/mid9081483/flagman_hotel_4
flagman_hotel_4,9081483,Люкс,5002,2,1,,,"[""nobedding""]",,1,7000.00,7000.00,https://ostrovok.ru/hotel/russia/western_siberia_irkutsk_oblast_multi/mid9081483/flagman_hotel_4
flagman_hotel_4,9081483,Трёхместный номер Standard,3202003,2,1,,,"[""nobedding""]",,3,7500.00,7500.00,https://ostrovok.ru/hotel/russia/western_siberia_irkutsk_oblast_multi/mid9081483/flagman_hotel_4
bajkal_hotel,7965294,Двухместный номер Deluxe (двуспальная кровать) (кровать king size),3602302,2,12,двуспальная кровать,"[""двуспальная кровать""]","[""double""]","[{""bed"": ""double"", ""count"": 1}]",2,9000.00,9000.00,https://ostrovok.ru/hotel/russia/western_siberia_irkutsk_oblast_multi/mid7965294/bajkal_hotel
bajkal_hotel,7965294,Двухместный номер Deluxe (2 отдельные кровати),3602402,2,7,2 отдельные кровати,"[""2 отдельные кровати""]","[""twin""]","[{""bed"": ""single"", ""count"": 2}]",2,9000.00,9000.00,https://ostrovok.ru/hotel/russia/western_siberia_irkutsk_oblast_multi/mid7965294/bajkal_hotel
bajkal_hotel,7965294,Двухместный номер Deluxe с видом на озеро (2 отдельные кровати),3602402000D,2,12,2 отдельные кровати,"[""2 отдельные кровати""]","[""twin""]","[{""bed"": ""single"", ""count"": 2}]",2,11000.00,11000.00,https://ostrovok.ru/hotel/russia/western_siberia_irkutsk_oblast_multi/mid7965294/bajkal_hotel
bajkal_hotel,7965294,Двухместный номер Deluxe с видом на озеро (двуспальная кровать) (кровать king size),3602302000D,2,9,двуспальная кровать,"[""двуспальная кровать""]","[""double""]","[{""bed"": ""double"", ""count"": 1}]",2,11000.00,11000.00,https://ostrovok.ru/hotel/russia/western_siberia_irkutsk_oblast_multi/mid7965294/bajkal_hotel
bajkal_hotel,7965294,Люкс,5002,2,1,,,"[""nobedding""]",,1,30000.00,30000.00,https://ostrovok.ru/hotel/russia/western_siberia_irkutsk_oblast_multi/mid7965294/bajkal_hotel
dizajnerskaya_kvartira_v_tsentre_irkutska,9995434,Номер Deluxe,3602,1,1,,,"[""nobedding""]",,1,4818.00,4818.00,https://ostrovok.ru/hotel/russia/western_siberia_irkutsk_oblast_multi/mid9995434/dizajnerskaya_kvartira_v_tsentre_irkutska
grand_baikal,8481257,Одноместный номер Standard с красивым видом из окна,3202001000U,2,1,,,"[""nobedding""]",,1,3684.00,4779.00,https://ostrovok.ru/hotel/russia/western_siberia_irkutsk_oblast_multi/mid8481257/grand_baikal
grand_baikal,8481257,Двухместный номер Standard с красивым видом из окна (2 отдельные кровати),3202402000U,2,5,2 отдельные кровати,"[""2 отдельные кровати""]","[""twin""]","[{""bed"": ""single"", ""count"": 2}]",2,5177.00,6273.00,https://ostrovok.ru/hotel/russia/western_siberia_irkutsk_oblast_multi/mid8481257/grand_baikal
grand_baikal,8481257,Двухместный номер Standard с красивым видом из окна (двуспальная кровать),3202302000U,2,5,двуспальная кровать,"[""двуспальная кровать""]","[""double""]","[{""bed"": ""double"", ""count"": 1}]",2,5177.00,6273.00,https://ostrovok.ru/hotel/russia/western_siberia_irkutsk_oblast_multi/mid8481257/grand_baikal
grand_baikal,8481257,Двухместный люкс с 2 комнатами с красивым видом из окна (двуспальная кровать),5002302020U,2,1,двуспальная кровать,"[""двуспальная кровать""]","[""double""]","[{""bed"": ""double"", ""count"": 1}]",2,9658.00,10754.00,https://ostrovok.ru/hotel/russia/western_siberia_irkutsk_oblast_multi/mid8481257/grand_baikal
rus_hotel_irkutsk,7774831,Одноместный номер Standard (односпальная кровать),3202201,3,12,односпальная кровать,"[""односпальная кровать""]","[""nobedding""]","[{""bed"": ""single"", ""count"": 1}]",1,3266.00,4100.00,https://ostrovok.ru/hotel/russia/western_siberia_irkutsk_oblast_multi/mid7774831/rus_hotel_irkutsk
rus_hotel_irkutsk,7774831,Двухместный номер Standard (двуспальная кровать),3202302,3,9,двуспальная кровать,"[""двуспальная кровать""]","[""double""]","[{""bed"": ""double"", ""count"": 1}]",2,3584.00,4500.00,https://ostrovok.ru/hotel/russia/western_siberia_irkutsk_oblast_multi/mid7774831/rus_hotel_irkutsk
rus_hotel_irkutsk,7774831,Двухместный номер Standard (2 отдельные кровати),3202402,3,9,2 отдельные кровати,"[""2 отдельные кровати""]","[""twin""]","[{""bed"": ""single"", ""count"": 2}]",2,3584.00,4500.00,https://ostrovok.ru/hotel/russia/western_siberia_irkutsk_oblast_multi/mid7774831/rus_hotel_irkutsk
rus_hotel_irkutsk,7774831,Двухместный номер Comfort (2 отдельные кровати),3302402,3,1,2 отдельные кровати,"[""2 отдельные кровати""]","[""twin""]","[{""bed"": ""single"", ""count"": 2}]",2,4460.00,5600.00,https://ostrovok.ru/hotel/russia/western_siberia_irkutsk_oblast_multi/mid7774831/rus_hotel_irkutsk
rus_hotel_irkutsk,7774831,Двухместный номер Comfort (двуспальная кровать),3302302,3,1,двуспальная кровать,"[""двуспальная кровать""]","[""double""]","[{""bed"": ""double"", ""count"": 1}]",2,4460.00,5600.00,https://ostrovok.ru/hotel/russia/western_siberia_irkutsk_oblast_multi/mid7774831/rus_hotel_irkutsk
rus_hotel_irkutsk,7774831,Двухместный номер Deluxe с видом на город (двуспальная кровать и диван),36023020005,3,2,двуспальная кровать и диван,"[""двуспальная кровать"", ""диван""]","[""double""]","[{""bed"": ""double"", ""count"": 1}]",3,4938.00,6200.00,https://ostrovok.ru/hotel/russia/western_siberia_irkutsk_oblast_multi/mid7774831/rus_hotel_irkutsk
hotel_nikola_2,8748287,Двухместный номер Standard с видом на город (двуспальная кровать),32023020005,2,5,двуспальная кровать,"[""двуспальная кровать""]","[""double""]","[{""bed"": ""double"", ""count"": 1}]",2,5586.00,5610.00,https://ostrovok.ru/hotel/russia/western_siberia_irkutsk_oblast_multi/mid8748287/hotel_nikola_2
hotel_nikola_2,8748287,Двухместный номер Superior (2 отдельные кровати),3502402,2,14,2 отдельные кровати,"[""2 отдельные кровати""]","[""twin""]","[{""bed"": ""single"", ""count"": 2}]",2,6970.00,7000.00,https://ostrovok.ru/hotel/russia/western_siberia_irkutsk_oblast_multi/mid8748287/hotel_nikola_2
hotel_nikola_2,8748287,Двухместный номер Superior (двуспальная кровать),3502302,2,14,двуспальная кровать,"[""двуспальная кровать""]","[""double""]","[{""bed"": ""double"", ""count"": 1}]",2,6970.00,7000.00,https://ostrovok.ru/hotel/russia/western_siberia_irkutsk_oblast_multi/mid8748287/hotel_nikola_2
hotel_nikola_2,8748287,Двухместный полулюкс с красивым видом из окна (2 отдельные кровати),4002402000U,2,3,2 отдельные кровати,"[""2 отдельные кровати""]","[""twin""]","[{""bed"": ""single"", ""count"": 2}]",2,11451.00,11500.00,https://ostrovok.ru/hotel/russia/western_siberia_irkutsk_oblast_multi/mid8748287/hotel_nikola_2
hotel_nikola_2,8748287,Двухместный полулюкс с красивым видом из окна (двуспальная кровать),4002302000U,2,3,двуспальная кровать,"[""двуспальная кровать""]","[""double""]","[{""bed"": ""double"", ""count"": 1}]",2,11451.00,11500.00,https://ostrovok.ru/hotel/russia/western_siberia_irkutsk_oblast_multi/mid8748287/hotel_nikola_2
hotel_nikola_2,8748287,Двухместный полулюкс Premium с видом на озеро (2 отдельные кровати),4A02402000D,2,2,2 отдельные кровати,"[""2 отдельные кровати""]","[""twin""]","[{""bed"": ""single"", ""count"": 2}]",2,16529.00,16600.00,https://ostrovok.ru/hotel/russia/western_siberia_irkutsk_oblast_multi/mid8748287/hotel_nikola_2
dohodnyij_dom_listratvoj_butikhotel,9024017,Одноместный номер Standard,3202001,5,5,,,"[""nobedding""]",,1,4440.00,6790.00,https://ostrovok.ru/hotel/russia/western_siberia_irkutsk_oblast_multi/mid9024017/dohodnyij_dom_listratvoj_butikhotel
dohodnyij_dom_listratvoj_butikhotel,9024017,Двухместный номер Standard (2 отдельные кровати),3202402,5,1,2 отдельные кровати,"[""2 отдельные кровати""]","[""twin""]","[{""bed"": ""single"", ""count"": 2}]",2,4773.00,7210.00,https://ostrovok.ru/hotel/russia/western_siberia_irkutsk_oblast_multi/mid9024017/dohodnyij_dom_listratvoj_butikhotel
dohodnyij_dom_listratvoj_butikhotel,9024017,Двухместный номер Comfort (двуспальная кровать),3302302,5,2,двуспальная кровать,"[""двуспальная кровать""]","[""double""]","[{""bed"": ""double"", ""count"": 1}]",2,5217.00,7770.00,https://ostrovok.ru/hotel/russia/western_siberia_irkutsk_oblast_multi/mid9024017/dohodnyij_dom_listratvoj_butikhotel
dohodnyij_dom_listratvoj_butikhotel,9024017,Двухместный номер Comfort (2 отдельные кровати),3302402,5,2,2 отдельные кровати,"[""2 отдельные кровати""]","[""twin""]","[{""bed"": ""single"", ""count"": 2}]",2,5217.00,7770.00,https://ostrovok.ru/hotel/russia/western_siberia_irkutsk_oblast_multi/mid9024017/dohodnyij_dom_listratvoj_butikhotel
dohodnyij_dom_listratvoj_butikhotel,9024017,Двухместный полулюкс (двуспальная кровать) (кровать king size),4002302,5,1,двуспальная кровать,"[""двуспальная кровать""]","[""double""]","[{""bed"": ""double"", ""count"": 1}]",2,5772.00,8470.00,https://ostrovok.ru/hotel/russia/western_siberia_irkutsk_oblast_multi/mid9024017/dohodnyij_dom_listratvoj_butikhotel
dohodnyij_dom_listratvoj_butikhotel,9024017,Двухместный люкс с 2 комнатами (двуспальная кровать и диван),500230202,5,2,двуспальная кровать и диван,"[""двуспальная кровать"", ""диван""]","[""double""]","[{""bed"": ""double"", ""count"": 1}]",3,6327.00,9170.00,https://ostrovok.ru/hotel/russia/western_siberia_irkutsk_oblast_multi/mid9024017/dohodnyij_dom_listratvoj_butikhotel
ozerny_tulun_sports_complex_na_karbysheva_185_apartment,13430623,Двухместный номер Standard с балконом (двуспальная кровать),3202302001,2,2,двуспальная кровать,"[""двуспальная кровать""]","[""double""]","[{""bed"": ""double"", ""count"": 1}]",2,3584.00,3600.00,https://ostrovok.ru/hotel/russia/western_siberia_irkutsk_oblast_multi/mid13430623/ozerny_tulun_sports_complex_na_karbysheva_185_apartment
apartamentyi_v_irkutske,9993445,Двухместный номер Superior (двуспальная кровать),3502302,2,1,двуспальная кровать,"[""двуспальная кровать""]","[""double""]","[{""bed"": ""double"", ""count"": 1}]",2,1891.00,1900.00,https://ostrovok.ru/hotel/russia/western_siberia_irkutsk_oblast_multi/mid9993445/apartamentyi_v_irkutske
sobolinka_parkhotel_2,9761022,Одноместный номер Standard с балконом,3202001001,2,1,,,"[""nobedding""]",,1,3584.00,4680.00,https://ostrovok.ru/hotel/russia/western_siberia_irkutsk_oblast_multi/mid9761022/sobolinka_parkhotel_2
sobolinka_parkhotel_2,9761022,Двухместный полулюкс с красивым видом из окна (двуспальная кровать),4002302000U,2,2,двуспальная кровать,"[""двуспальная кровать""]","[""double""]","[{""bed"": ""double"", ""count"": 1}]",2,5327.00,6422.00,https://ostrovok.ru/hotel/russia/western_siberia_irkutsk_oblast_multi/mid9761022/sobolinka_parkhotel_2
hotel_premium_hotel_pushkin,13310309,Двухместный номер Делюкс с красивым видом из окна (двуспальная кровать),3602302000U,2,7,двуспальная кровать,"[""двуспальная кровать""]","[""double""]","[{""bed"": ""double"", ""count"": 1}]",2,13500.00,13500.00,https://ostrovok.ru/hotel/russia/western_siberia_irkutsk_oblast_multi/mid13310309/hotel_premium_hotel_pushkin
hotel_premium_hotel_pushkin,13310309,Двухместный номер Гранд Делюкс с видом на внутренний двор (двуспальная кровать),3D023020006,2,20,двуспальная кровать,"[""двуспальная кровать""]","[""double""]","[{""bed"": ""double"", ""count"": 1}]",2,16000.00,16000.00,https://ostrovok.ru/hotel/russia/western_siberia_irkutsk_oblast_multi/mid13310309/hotel_premium_hotel_pushkin
hotel_premium_hotel_pushkin,13310309,Двухместный номер Гранд Делюкс с балконом и с видом на город (двуспальная кровать),3D023020015,2,1,двуспальная кровать,"[""двуспальная кровать""]","[""double""]","[{""bed"": ""double"", ""count"": 1}]",2,23000.00,23000.00,https://ostrovok.ru/hotel/russia/western_siberia_irkutsk_oblast_multi/mid13310309/hotel_premium_hotel_pushkin
hotel_premium_hotel_pushkin,13310309,Двухместный номер Премиум с красивым видом из окна (двуспальная кровать),3A02302000U,2,10,двуспальная кровать,"[""двуспальная кровать""]","[""double""]","[{""bed"": ""double"", ""count"": 1}]",2,26000.00,26000.00,https://ostrovok.ru/hotel/russia/western_siberia_irkutsk_oblast_multi/mid13310309/hotel_premium_hotel_pushkin
hotel_premium_hotel_pushkin,13310309,Двухместный люкс Посольский с балконом и с красивым видом из окна (двуспальная кровать),5C02302001U,2,1,двуспальная кровать,"[""двуспальная кровать""]","[""double""]","[{""bed"": ""double"", ""count"": 1}]",2,38000.00,38000.00,https://ostrovok.ru/hotel/russia/western_siberia_irkutsk_oblast_multi/mid13310309/hotel_premium_hotel_pushkin
hotel_premium_hotel_pushkin,13310309,Двухместный люкс Президентский с красивым видом из окна (двуспальная кровать),5902302000U,2,2,двуспальная кровать,"[""двуспальная кровать""]","[""double""]","[{""bed"": ""double"", ""count"": 1}]",2,48000.00,48000.00,https://ostrovok.ru/hotel/russia/western_siberia_irkutsk_oblast_multi/mid13310309/hotel_premium_hotel_pushkin
azimut_aeroport_irkutsk_hotel,13317260,Одноместный номер Standard,3202001,4,2,,,"[""nobedding""]",,1,6500.00,7400.00,https://ostrovok.ru/hotel/russia/western_siberia_irkutsk_oblast_multi/mid13317260/azimut_aeroport_irkutsk_hotel
azimut_aeroport_irkutsk_hotel,13317260,Двухместный номер Standard (2 отдельные кровати),3202402,4,31,2 отдельные кровати,"[""2 отдельные кровати""]","[""twin""]","[{""bed"": ""single"", ""count"": 2}]",2,7000.00,7900.00,https://ostrovok.ru/hotel/russia/western_siberia_irkutsk_oblast_multi/mid13317260/azimut_aeroport_irkutsk_hotel
azimut_aeroport_irkutsk_hotel,13317260,Двухместный номер Standard (двуспальная кровать),3202302,4,33,двуспальная кровать,"[""двуспальная кровать""]","[""double""]","[{""bed"": ""double"", ""count"": 1}]",2,7000.00,7900.00,https://ostrovok.ru/hotel/russia/western_siberia_irkutsk_oblast_multi/mid13317260/azimut_aeroport_irkutsk_hotel
azimut_aeroport_irkutsk_hotel,13317260,Двухместный номер Стандарт для людей с ограниченными возможностями с видом на город (двуспальная кровать) (для гостей с ограниченными возможностями),3I023020005,4,3,двуспальная кровать,"[""двуспальная кровать""]","[""double""]","[{""bed"": ""double"", ""count"": 1}]",2,7000.00,7900.00,https://ostrovok.ru/hotel/russia/western_siberia_irkutsk_oblast_multi/mid13317260/azimut_aeroport_irkutsk_hotel
azimut_aeroport_irkutsk_hotel,13317260,Двухместный номер Superior с красивым видом из окна (двуспальная кровать),3502302000U,4,6,двуспальная кровать,"[""двуспальная кровать""]","[""double""]","[{""bed"": ""double"", ""count"": 1}]",2,7700.00,8600.00,https://ostrovok.ru/hotel/russia/western_siberia_irkutsk_oblast_multi/mid13317260/azimut_aeroport_irkutsk_hotel
azimut_aeroport_irkutsk_hotel,13317260,Двухместный люкс (2 отдельные кровати и диван),5002402,4,2,2 отдельные кровати и диван,"[""2 отдельные кровати"", ""диван""]","[""sofa-bed""]","[{""bed"": ""single"", ""count"": 2}]",3,12000.00,12900.00,https://ostrovok.ru/hotel/russia/western_siberia_irkutsk_oblast_multi/mid13317260/azimut_aeroport_irkutsk_hotel
azimut_aeroport_irkutsk_hotel,13317260,Двухместный люкс (двуспальная кровать и диван),5002302,4,2,двуспальная кровать и диван,"[""двуспальная кровать"", ""диван""]","[""double""]","[{""bed"": ""double"", ""count"": 1}]",3,12000.00,12900.00,https://ostrovok.ru/hotel/russia/western_siberia_irkutsk_oblast_multi/mid13317260/azimut_aeroport_irkutsk_hotel
inn_business_hall,8735100,Двухместный номер Standard с красивым видом из окна (2 отдельные кровати),3202402000U,2,7,2 отдельные кровати,"[""2 отдельные кровати""]","[""twin""]","[{""bed"": ""single"", ""count"": 2}]",2,3530.00,5050.00,https://ostrovok.ru/hotel/russia/western_siberia_irkutsk_oblast_multi/mid8735100/inn_business_hall
inn_business_hall,8735100,Двухместный номер улучшенный стандартный (2 отдельные кровати),3502402,2,3,2 отдельные кровати,"[""2 отдельные кровати""]","[""twin""]","[{""bed"": ""single"", ""count"": 2}]",2,4471.00,5260.00,https://ostrovok.ru/hotel/russia/western_siberia_irkutsk_oblast_multi/mid8735100/inn_business_hall
inn_business_hall,8735100,Двухместный люкс с видом на город (двуспальная кровать),50023020005,3,2,двуспальная кровать,"[""двуспальная кровать""]","[""double""]","[{""bed"": ""double"", ""count"": 1}]",2,5650.00,8730.00,https://ostrovok.ru/hotel/russia/western_siberia_irkutsk_oblast_multi/mid8735100/inn_business_hall
inn_business_hall,8735100,Двухместный номер Deluxe с видом на город (двуспальная кровать),36023020005,2,1,двуспальная кровать,"[""двуспальная кровать""]","[""double""]","[{""bed"": ""double"", ""count"": 1}]",2,6150.00,8100.00,https://ostrovok.ru/hotel/russia/western_siberia_irkutsk_oblast_multi/mid8735100/inn_business_hall
empire_hotel_3,7829344,Одноместный номер Классик,3B02001,2,1,,,"[""nobedding""]",,1,4900.00,4900.00,https://ostrovok.ru/hotel/russia/western_siberia_irkutsk_oblast_multi/mid7829344/empire_hotel_3
empire_hotel_3,7829344,Одноместный номер Комфорт,3302001,2,1,,,"[""nobedding""]",,1,5400.00,5400.00,https://ostrovok.ru/hotel/russia/western_siberia_irkutsk_oblast_multi/mid7829344/empire_hotel_3
angara_hotel,7806182,Одноместный номер Standard,3202001,4,9,,,"[""nobedding""]",,1,4250.00,4500.00,https://ostrovok.ru/hotel/russia/western_siberia_irkutsk_oblast_multi/mid7806182/angara_hotel
angara_hotel,7806182,Двухместный номер Standard (2 отдельные кровати),3202402,4,17,2 отдельные кровати,"[""2 отдельные кровати""]","[""twin""]","[{""bed"": ""single"", ""count"": 2}]",2,4750.00,5900.00,https://ostrovok.ru/hotel/russia/western_siberia_irkutsk_oblast_multi/mid7806182/angara_hotel
angara_hotel,7806182,Одноместный номер Business,3402001,4,22,,,"[""nobedding""]",,1,4750.00,5000.00,https://ostrovok.ru/hotel/russia/western_siberia_irkutsk_oblast_multi/mid7806182/angara_hotel
angara_hotel,7806182,Двухместный номер Business (2 отдельные кровати),3402402,4,22,2 отдельные кровати,"[""2 отдельные кровати""]","[""twin""]","[{""bed"": ""single"", ""count"": 2}]",2,5250.00,5500.00,https://ostrovok.ru/hotel/russia/western_siberia_irkutsk_oblast_multi/mid7806182/angara_hotel
angara_hotel,7806182,Двухместный номер Business (двуспальная кровать),3402302,4,20,двуспальная кровать,"[""двуспальная кровать""]","[""double""]","[{""bed"": ""double"", ""count"": 1}]",2,5250.00,5500.00,https://ostrovok.ru/hotel/russia/western_siberia_irkutsk_oblast_multi/mid7806182/angara_hotel
angara_hotel,7806182,Двухместный Джуниор Сюит (двуспальная кровать) (кровать queen size),4002302,4,6,двуспальная кровать,"[""двуспальная кровать""]","[""double""]","[{""bed"": ""double"", ""count"": 1}]",2,6850.00,7100.00,https://ostrovok.ru/hotel/russia/western_siberia_irkutsk_oblast_multi/mid7806182/angara_hotel
atlas_hotel_3,7883850,Двухместный номер Стандарт (2 отдельные кровати),3202402,2,2,2 отдельные кровати,"[""2 отдельные кровати""]","[""twin""]","[{""bed"": ""single"", ""count"": 2}]",2,3177.90,3177.90,https://ostrovok.ru/hotel/russia/western_siberia_irkutsk_oblast_multi/mid7883850/atlas_hotel_3
atlas_hotel_3,7883850,Двухместный номер Комфoрт (двуспальная кровать),3302302,2,2,двуспальная кровать,"[""двуспальная кровать""]","[""double""]","[{""bed"": ""double"", ""count"": 1}]",2,4140.90,4140.90,https://ostrovok.ru/hotel/russia/western_siberia_irkutsk_oblast_multi/mid7883850/atlas_hotel_3
atlas_hotel_3,7883850,Двухместный Джуниор Сюит (двуспальная кровать),4002302,2,2,двуспальная кровать,"[""двуспальная кровать""]","[""double""]","[{""bed"": ""double"", ""count"": 1}]",2,5103.90,5103.90,https://ostrovok.ru/hotel/russia/western_siberia_irkutsk_oblast_multi/mid7883850/atlas_hotel_3
atlas_hotel_3,7883850,"Джуниор Сюит с сауной (с сауной, джакузи)",4802,3,1,,,"[""nobedding""]",,1,7029.90,7811.00,https://ostrovok.ru/hotel/russia/western_siberia_irkutsk_oblast_multi/mid7883850/atlas_hotel_3
bajkal_severnoe_more_hotel,8526970,Двухместный номер Standard с видом на город (двуспальная кровать),32023020005,7,25,двуспальная кровать,"[""двуспальная кровать""]","[""double""]","[{""bed"": ""double"", ""count"": 1}]",2,4032.00,6260.00,https://ostrovok.ru/hotel/russia/western_siberia_irkutsk_oblast_multi/mid8526970/bajkal_severnoe_more_hotel
bajkal_severnoe_more_hotel,8526970,Двухместный номер Standard с видом на город (2 отдельные кровати),32024020005,7,25,2 отдельные кровати,"[""2 отдельные кровати""]","[""twin""]","[{""bed"": ""single"", ""count"": 2}]",2,4032.00,6260.00,https://ostrovok.ru/hotel/russia/western_siberia_irkutsk_oblast_multi/mid8526970/bajkal_severnoe_more_hotel
bajkal_severnoe_more_hotel,8526970,Номер Standard с балконом и с видом на город,32020000015,7,13,,,"[""nobedding""]",,1,4530.00,6835.00,https://ostrovok.ru/hotel/russia/western_siberia_irkutsk_oblast_multi/mid8526970/bajkal_severnoe_more_hotel
bajkal_severnoe_more_hotel,8526970,Двухместный номер Superior с видом на реку (2 отдельные кровати),3502402000N,7,16,2 отдельные кровати,"[""2 отдельные кровати""]","[""twin""]","[{""bed"": ""single"", ""count"": 2}]",2,5028.00,7410.00,https://ostrovok.ru/hotel/russia/western_siberia_irkutsk_oblast_multi/mid8526970/bajkal_severnoe_more_hotel
bajkal_severnoe_more_hotel,8526970,Полулюкс с видом на реку,4002000000N,7,7,,,"[""nobedding""]",,1,5526.00,7985.00,https://ostrovok.ru/hotel/russia/western_siberia_irkutsk_oblast_multi/mid8526970/bajkal_severnoe_more_hotel
bajkal_severnoe_more_hotel,8526970,Семейный люкс с видом на город,50020100005,6,2,,,"[""nobedding""]",,3,9554.00,12700.00,https://ostrovok.ru/hotel/russia/western_siberia_irkutsk_oblast_multi/mid8526970/bajkal_severnoe_more_hotel
bajkal_severnoe_more_hotel,8526970,Люкс Executive с видом на реку,5802000000N,6,4,,,"[""nobedding""]",,1,10027.00,13275.00,https://ostrovok.ru/hotel/russia/western_siberia_irkutsk_oblast_multi/mid8526970/bajkal_severnoe_more_hotel
bajkal_severnoe_more_hotel,8526970,Люкс Presidential с видом на реку,5902000000N,6,6,,,"[""nobedding""]",,1,10973.00,14425.00,https://ostrovok.ru/hotel/russia/western_siberia_irkutsk_oblast_multi/mid8526970/bajkal_severnoe_more_hotel
archi_apt_apartments,10211904,Двухместный номер Economy Дуплекс с видом на город (двуспальная кровать),310230200052,2,1,двуспальная кровать,"[""двуспальная кровать""]","[""double""]","[{""bed"": ""double"", ""count"": 1}]",2,3154.00,3168.00,https://ostrovok.ru/hotel/russia/western_siberia_irkutsk_oblast_multi/mid10211904/archi_apt_apartments
archi_apt_apartments,10211904,Двухместный номер Standard с видом на внутренний двор (двуспальная кровать),32023020006,3,4,двуспальная кровать,"[""двуспальная кровать""]","[""double""]","[{""bed"": ""double"", ""count"": 1}]",2,3632.00,3800.00,https://ostrovok.ru/hotel/russia/western_siberia_irkutsk_oblast_multi/mid10211904/archi_apt_apartments
otel_irkut,8348721,Одноместный номер Standard,3202001,2,5,,,"[""nobedding""]",,1,3200.00,3200.00,https://ostrovok.ru/hotel/russia/western_siberia_irkutsk_oblast_multi/mid8348721/otel_irkut
otel_irkut,8348721,Двухместный номер Standard (2 отдельные кровати),3202402,2,8,2 отдельные кровати,"[""2 отдельные кровати""]","[""twin""]","[{""bed"": ""single"", ""count"": 2}]",2,3500.00,3500.00,https://ostrovok.ru/hotel/russia/western_siberia_irkutsk_oblast_multi/mid8348721/otel_irkut
otel_irkut,8348721,Двухместный номер Standard (двуспальная кровать),3202302,2,1,двуспальная кровать,"[""двуспальная кровать""]","[""double""]","[{""bed"": ""double"", ""count"": 1}]",2,3900.00,3900.00,https://ostrovok.ru/hotel/russia/western_siberia_irkutsk_oblast_multi/mid8348721/otel_irkut
otel_irkut,8348721,Одноместный номер Superior,3502001,2,1,,,"[""nobedding""]",,1,4050.00,4050.00,https://ostrovok.ru/hotel/russia/western_siberia_irkutsk_oblast_multi/mid8348721/otel_irkut
otel_irkut,8348721,Двухместный номер Superior (2 отдельные кровати),3502402,2,3,2 отдельные кровати,"[""2 отдельные кровати""]","[""twin""]","[{""bed"": ""single"", ""count"": 2}]",2,4800.00,4800.00,https://ostrovok.ru/hotel/russia/western_siberia_irkutsk_oblast_multi/mid8348721/otel_irkut
otel_irkut,8348721,Двухместный номер Superior (двуспальная кровать),3502302,2,1,двуспальная кровать,"[""двуспальная кровать""]","[""double""]","[{""bed"": ""double"", ""count"": 1}]",2,4800.00,4800.00,https://ostrovok.ru/hotel/russia/western_siberia_irkutsk_oblast_multi/mid8348721/otel_irkut
otel_irkut,8348721,Двухместный номер Standard Premium (двуспальная кровать),3A02302,2,1,двуспальная кровать,"[""двуспальная кровать""]","[""double""]","[{""bed"": ""double"", ""count"": 1}]",2,6800.00,6800.00,https://ostrovok.ru/hotel/russia/western_siberia_irkutsk_oblast_multi/mid8348721/otel_irkut
miniotel_good_hotel,10013559,Двухместный номер Standard (общая ванная комната) (2 отдельные кровати),3201402,2,2,2 отдельные кровати,"[""2 отдельные кровати""]","[""twin""]","[{""bed"": ""single"", ""count"": 2}]",2,2200.00,2200.00,https://ostrovok.ru/hotel/russia/western_siberia_irkutsk_oblast_multi/mid10013559/miniotel_good_hotel
miniotel_good_hotel,10013559,Двухместный номер Standard (общая ванная комната) (двуспальная кровать),3201302,2,1,двуспальная кровать,"[""двуспальная кровать""]","[""double""]","[{""bed"": ""double"", ""count"": 1}]",2,2200.00,2200.00,https://ostrovok.ru/hotel/russia/western_siberia_irkutsk_oblast_multi/mid10013559/miniotel_good_hotel
miniotel_good_hotel,10013559,Трёхместный семейный номер Standard (общая ванная комната),3201013,2,1,,,"[""nobedding""]",,3,2700.00,2700.00,https://ostrovok.ru/hotel/russia/western_siberia_irkutsk_oblast_multi/mid10013559/miniotel_good_hotel
miniotel_serdtse_baykala,11310800,Двухместный коттедж с красивым видом из окна (двуспальная кровать) (терраса),9002302000U,2,3,двуспальная кровать,"[""двуспальная кровать""]","[""double""]","[{""bed"": ""double"", ""count"": 1}]",2,12448.00,12500.00,https://ostrovok.ru/hotel/russia/western_siberia_irkutsk_oblast_multi/mid11310800/miniotel_serdtse_baykala
miniotel_serdtse_baykala,11310800,Коттедж с видом на внутренний двор,90020000006,2,2,,,"[""nobedding""]",,1,20415.00,20500.00,https://ostrovok.ru/hotel/russia/western_siberia_irkutsk_oblast_multi/mid11310800/miniotel_serdtse_baykala
artrezidentsiya_port_olhon,10004854,Одноместный номер Standard с видом на внутренний двор,32020010006,1,2,,,"[""nobedding""]",,1,4000.00,4000.00,https://ostrovok.ru/hotel/russia/western_siberia_irkutsk_oblast_multi/mid10004854/artrezidentsiya_port_olhon
artrezidentsiya_port_olhon,10004854,Двухместный номер Standard с видом на внутренний двор (2 отдельные кровати),32024020006,1,5,2 отдельные кровати,"[""2 отдельные кровати""]","[""twin""]","[{""bed"": ""single"", ""count"": 2}]",2,6000.00,6000.00,https://ostrovok.ru/hotel/russia/western_siberia_irkutsk_oblast_multi/mid10004854/artrezidentsiya_port_olhon
artrezidentsiya_port_olhon,10004854,Двухместный номер Standard Мансарда (двуспальная кровать),320230200004,1,8,двуспальная кровать,"[""двуспальная кровать""]","[""double""]","[{""bed"": ""double"", ""count"": 1}]",2,7000.00,7000.00,https://ostrovok.ru/hotel/russia/western_siberia_irkutsk_oblast_multi/mid10004854/artrezidentsiya_port_olhon
artrezidentsiya_port_olhon,10004854,Двухместный номер Superior с видом на внутренний двор (двуспальная кровать),35023020006,1,5,двуспальная кровать,"[""двуспальная кровать""]","[""double""]","[{""bed"": ""double"", ""count"": 1}]",2,8000.00,8000.00,https://ostrovok.ru/hotel/russia/western_siberia_irkutsk_oblast_multi/mid10004854/artrezidentsiya_port_olhon
artrezidentsiya_port_olhon,10004854,Двухместный номер Deluxe с видом на внутренний двор (2 отдельные кровати),36024020006,1,3,2 отдельные кровати,"[""2 отдельные кровати""]","[""twin""]","[{""bed"": ""single"", ""count"": 2}]",2,10000.00,10000.00,https://ostrovok.ru/hotel/russia/western_siberia_irkutsk_oblast_multi/mid10004854/artrezidentsiya_port_olhon
artrezidentsiya_port_olhon,10004854,Двухместный номер Deluxe (двуспальная кровать),3602302,1,4,двуспальная кровать,"[""двуспальная кровать""]","[""double""]","[{""bed"": ""double"", ""count"": 1}]",2,10000.00,10000.00,https://ostrovok.ru/hotel/russia/western_siberia_irkutsk_oblast_multi/mid10004854/artrezidentsiya_port_olhon
artrezidentsiya_port_olhon,10004854,Трёхместный номер Standard с балконом,3202003001,1,1,,,"[""nobedding""]",,3,15000.00,15000.00,https://ostrovok.ru/hotel/russia/western_siberia_irkutsk_oblast_multi/mid10004854/artrezidentsiya_port_olhon
artrezidentsiya_port_olhon,10004854,Двухместный семейный номер Deluxe с красивым видом из окна (2 отдельные кровати) (терраса),3602412000U,1,2,2 отдельные кровати,"[""2 отдельные кровати""]","[""twin""]","[{""bed"": ""single"", ""count"": 2}]",2,20000.00,20000.00,https://ostrovok.ru/hotel/russia/western_siberia_irkutsk_oblast_multi/mid10004854/artrezidentsiya_port_olhon
artrezidentsiya_port_olhon,10004854,Двухместная студия с красивым видом из окна (двуспальная кровать) (терраса),7002302000U,1,1,двуспальная кровать,"[""двуспальная кровать""]","[""double""]","[{""bed"": ""double"", ""count"": 1}]",2,25000.00,25000.00,https://ostrovok.ru/hotel/russia/western_siberia_irkutsk_oblast_multi/mid10004854/artrezidentsiya_port_olhon
artrezidentsiya_port_olhon,10004854,Апартаменты с красивым видом из окна,6002000000U,1,1,,,"[""nobedding""]",,1,50000.00,50000.00,https://ostrovok.ru/hotel/russia/western_siberia_irkutsk_oblast_multi/mid10004854/artrezidentsiya_port_olhon
gostevoy_dom_sunrise,10485526,Двухместный номер Standard с балконом и с красивым видом из окна (двуспальная кровать),3202302001U,2,1,двуспальная кровать,"[""двуспальная кровать""]","[""double""]","[{""bed"": ""double"", ""count"": 1}]",2,8465.00,8500.00,https://ostrovok.ru/hotel/russia/western_siberia_irkutsk_oblast_multi/mid10485526/gostevoy_dom_sunrise
gostevoy_dom_sunrise,10485526,Двухместный номер Standard (2 отдельные кровати),3202402,2,1,2 отдельные кровати,"[""2 отдельные кровати""]","[""twin""]","[{""bed"": ""single"", ""count"": 2}]",2,8465.00,8500.00,https://ostrovok.ru/hotel/russia/western_siberia_irkutsk_oblast_multi/mid10485526/gostevoy_dom_sunrise
gostevoy_dom_sunrise,10485526,Двухместный номер Superior с балконом (двуспальная кровать и диван),3502302001,2,1,двуспальная кровать и диван,"[""двуспальная кровать"", ""диван""]","[""double""]","[{""bed"": ""double"", ""count"": 1}]",3,10456.00,10500.00,https://ostrovok.ru/hotel/russia/western_siberia_irkutsk_oblast_multi/mid10485526/gostevoy_dom_sunrise
gostevoy_dom_sunrise,10485526,Семейный номер Classic,3B0201,2,1,,,"[""nobedding""]",,3,12448.00,12500.00,https://ostrovok.ru/hotel/russia/western_siberia_irkutsk_oblast_multi/mid10485526/gostevoy_dom_sunrise
vera_baikal,13308776,Двухместный номер Стандартный (2 отдельные кровати),3202402,2,11,2 отдельные кровати,"[""2 отдельные кровати""]","[""twin""]","[{""bed"": ""single"", ""count"": 2}]",2,5225.00,5225.00,https://ostrovok.ru/hotel/russia/western_siberia_irkutsk_oblast_multi/mid13308776/vera_baikal
vera_baikal,13308776,Двухместный номер Стандартный (двуспальная кровать),3202302,2,11,двуспальная кровать,"[""двуспальная кровать""]","[""double""]","[{""bed"": ""double"", ""count"": 1}]",2,5225.00,5225.00,https://ostrovok.ru/hotel/russia/western_siberia_irkutsk_oblast_multi/mid13308776/vera_baikal
vera_baikal,13308776,Двухместный полулюкс Делюкс (2 отдельные кровати),4602402,2,2,2 отдельные кровати,"[""2 отдельные кровати""]","[""twin""]","[{""bed"": ""single"", ""count"": 2}]",2,6270.00,6270.00,https://ostrovok.ru/hotel/russia/western_siberia_irkutsk_oblast_multi/mid13308776/vera_baikal
vera_baikal,13308776,Двухместный полулюкс Делюкс (двуспальная кровать),4602302,2,2,двуспальная кровать,"[""двуспальная кровать""]","[""double""]","[{""bed"": ""double"", ""count"": 1}]",2,6270.00,6270.00,https://ostrovok.ru/hotel/russia/western_siberia_irkutsk_oblast_multi/mid13308776/vera_baikal
vera_baikal,13308776,Двухместные апартаменты улучшенные Дуплекс (двуспальная кровать),650230200002,2,1,двуспальная кровать,"[""двуспальная кровать""]","[""double""]","[{""bed"": ""double"", ""count"": 1}]",2,7220.00,7220.00,https://ostrovok.ru/hotel/russia/western_siberia_irkutsk_oblast_multi/mid13308776/vera_baikal
vera_baikal,13308776,Двухместный люкс с видом на озеро (двуспальная кровать),5002302000D,2,1,двуспальная кровать,"[""двуспальная кровать""]","[""double""]","[{""bed"": ""double"", ""count"": 1}]",2,16910.00,16910.00,https://ostrovok.ru/hotel/russia/western_siberia_irkutsk_oblast_multi/mid13308776/vera_baikal
guest_house_baykaliya,13428580,Двухместный номер Standard (двуспальная кровать и диван),3202302,2,3,двуспальная кровать и диван,"[""двуспальная кровать"", ""диван""]","[""double""]","[{""bed"": ""double"", ""count"": 1}]",3,7469.00,7500.00,https://ostrovok.ru/hotel/russia/western_siberia_irkutsk_oblast_multi/mid13428580/guest_house_baykaliya
guest_house_baykaliya,13428580,Двухместный номер Superior (двуспальная кровать и диван),3502302,2,3,двуспальная кровать и диван,"[""двуспальная кровать"", ""диван""]","[""double""]","[{""bed"": ""double"", ""count"": 1}]",3,7967.00,8000.00,https://ostrovok.ru/hotel/russia/western_siberia_irkutsk_oblast_multi/mid13428580/guest_house_baykaliya
yakovlev_hotel,8742012,Двухместный номер Standard (2 отдельные кровати),3202402,4,10,2 отдельные кровати,"[""2 отдельные кровати""]","[""twin""]","[{""bed"": ""single"", ""count"": 2}]",2,2745.00,3625.00,https://ostrovok.ru/hotel/russia/western_siberia_irkutsk_oblast_multi/mid8742012/yakovlev_hotel
yakovlev_hotel,8742012,Двухместный номер Standard (двуспальная кровать),3202302,4,1,двуспальная кровать,"[""двуспальная кровать""]","[""double""]","[{""bed"": ""double"", ""count"": 1}]",2,2745.00,3625.00,https://ostrovok.ru/hotel/russia/western_siberia_irkutsk_oblast_multi/mid8742012/yakovlev_hotel
yakovlev_hotel,8742012,Трёхместный семейный номер Standard,3202013,4,2,,,"[""nobedding""]",,3,2886.00,3625.00,https://ostrovok.ru/hotel/russia/western_siberia_irkutsk_oblast_multi/mid8742012/yakovlev_hotel
yakovlev_hotel,8742012,Трёхместные апартаменты,6002003,5,1,,,"[""nobedding""]",,3,4733.00,6250.00,https://ostrovok.ru/hotel/russia/western_siberia_irkutsk_oblast_multi/mid8742012/yakovlev_hotel
hotel_nataly_2,7776564,Двухместный номер Economy с красивым видом из окна (общая ванная комната) (2 отдельные кровати),3101402000U,1,2,2 отдельные кровати,"[""2 отдельные кровати""]","[""twin""]","[{""bed"": ""single"", ""count"": 2}]",2,3800.00,3800.00,https://ostrovok.ru/hotel/russia/western_siberia_irkutsk_oblast_multi/mid7776564/hotel_nataly_2
hotel_nataly_2,7776564,Двухместный номер Economy с красивым видом из окна (общая ванная комната) (двуспальная кровать),3101302000U,1,2,двуспальная кровать,"[""двуспальная кровать""]","[""double""]","[{""bed"": ""double"", ""count"": 1}]",2,4500.00,4500.00,https://ostrovok.ru/hotel/russia/western_siberia_irkutsk_oblast_multi/mid7776564/hotel_nataly_2
hotel_nataly_2,7776564,Апартаменты с 2 комнатами,600200002,1,1,,,"[""nobedding""]",,1,7000.00,7000.00,https://ostrovok.ru/hotel/russia/western_siberia_irkutsk_oblast_multi/mid7776564/hotel_nataly_2
hotel_nataly_2,7776564,Люкс с красивым видом из окна,5002000000U,1,1,,,"[""nobedding""]",,1,7000.00,7000.00,https://ostrovok.ru/hotel/russia/western_siberia_irkutsk_oblast_multi/mid7776564/hotel_nataly_2
baykal_shale_guest_house,13431413,Двухместный номер Standard c 1 комнатой с красивым видом из окна (2 отдельные кровати),3202402010U,2,3,2 отдельные кровати,"[""2 отдельные кровати""]","[""twin""]","[{""bed"": ""single"", ""count"": 2}]",2,3485.00,3500.00,https://ostrovok.ru/hotel/russia/western_siberia_irkutsk_oblast_multi/mid13431413/baykal_shale_guest_house
baykal_shale_guest_house,13431413,Трёхместный номер Superior с балконом и с красивым видом из окна,3502003001U,2,2,,,"[""nobedding""]",,3,5975.00,6000.00,https://ostrovok.ru/hotel/russia/western_siberia_irkutsk_oblast_multi/mid13431413/baykal_shale_guest_house
history_boutiquehotel,9741097,Двухместный номер Классик с балконом (двуспальная кровать),3B02302001,2,14,двуспальная кровать,"[""двуспальная кровать""]","[""double""]","[{""bed"": ""double"", ""count"": 1}]",2,20448.75,21525.00,https://ostrovok.ru/hotel/russia/western_siberia_irkutsk_oblast_multi/mid9741097/history_boutiquehotel
history_boutiquehotel,9741097,Двухместный номер Классик с балконом (2 отдельные кровати),3B02402001,2,14,2 отдельные кровати,"[""2 отдельные кровати""]","[""twin""]","[{""bed"": ""single"", ""count"": 2}]",2,20448.75,21525.00,https://ostrovok.ru/hotel/russia/western_siberia_irkutsk_oblast_multi/mid9741097/history_boutiquehotel
history_boutiquehotel,9741097,Двухместный номер Комфорт с балконом (2 отдельные кровати),3302402001,2,4,2 отдельные кровати,"[""2 отдельные кровати""]","[""twin""]","[{""bed"": ""single"", ""count"": 2}]",2,22443.75,23625.00,https://ostrovok.ru/hotel/russia/western_siberia_irkutsk_oblast_multi/mid9741097/history_boutiquehotel
history_boutiquehotel,9741097,Двухместный номер Комфорт с балконом (двуспальная кровать),3302302001,2,4,двуспальная кровать,"[""двуспальная кровать""]","[""double""]","[{""bed"": ""double"", ""count"": 1}]",2,22443.75,23625.00,https://ostrovok.ru/hotel/russia/western_siberia_irkutsk_oblast_multi/mid9741097/history_boutiquehotel
history_boutiquehotel,9741097,Двухместный полулюкс Бизнес с балконом (двуспальная кровать) (кровать king size),4402302001,2,2,двуспальная кровать,"[""двуспальная кровать""]","[""double""]","[{""bed"": ""double"", ""count"": 1}]",2,25935.00,27300.00,https://ostrovok.ru/hotel/russia/western_siberia_irkutsk_oblast_multi/mid9741097/history_boutiquehotel
history_boutiquehotel,9741097,"Двухместный полулюкс Романтик с балконом (двуспальная кровать) (кровать king size, ванна)",4E02302001,2,1,двуспальная кровать,"[""двуспальная кровать""]","[""double""]","[{""bed"": ""double"", ""count"": 1}]",2,29925.00,31500.00,https://ostrovok.ru/hotel/russia/western_siberia_irkutsk_oblast_multi/mid9741097/history_boutiquehotel
minihotel_albatros,6481029,Двухместный номер Standard (двуспальная кровать) (тип кровати может измениться),3202302,4,1,двуспальная кровать,"[""двуспальная кровать""]","[""double""]","[{""bed"": ""double"", ""count"": 1}]",2,3000.00,3400.00,https://ostrovok.ru/hotel/russia/western_siberia_irkutsk_oblast_multi/mid6481029/minihotel_albatros
guest_house_vremena_goda,6511529,Двухместный номер Standard (2 отдельные кровати),3202402,1,5,2 отдельные кровати,"[""2 отдельные кровати""]","[""twin""]","[{""bed"": ""single"", ""count"": 2}]",2,5100.00,5100.00,https://ostrovok.ru/hotel/russia/western_siberia_irkutsk_oblast_multi/mid6511529/guest_house_vremena_goda
guest_house_vremena_goda,6511529,Двухместная студия (2 отдельные кровати),7002402,1,1,2 отдельные кровати,"[""2 отдельные кровати""]","[""twin""]","[{""bed"": ""single"", ""count"": 2}]",2,5600.00,5600.00,https://ostrovok.ru/hotel/russia/western_siberia_irkutsk_oblast_multi/mid6511529/guest_house_vremena_goda
guest_house_vremena_goda,6511529,Двухместная студия Economy (двуспальная кровать),7102302,1,1,двуспальная кровать,"[""двуспальная кровать""]","[""double""]","[{""bed"": ""double"", ""count"": 1}]",2,5800.00,5800.00,https://ostrovok.ru/hotel/russia/western_siberia_irkutsk_oblast_multi/mid6511529/guest_house_vremena_goda
guest_house_vremena_goda,6511529,Двухместная студия (двуспальная кровать),7002302,1,1,двуспальная кровать,"[""двуспальная кровать""]","[""double""]","[{""bed"": ""double"", ""count"": 1}]",2,6250.00,6250.00,https://ostrovok.ru/hotel/russia/western_siberia_irkutsk_oblast_multi/mid6511529/guest_house_vremena_goda
minihotel_panda,6479321,Двухместный номер Economy (общая ванная комната) (двуспальная кровать),3101302,2,1,двуспальная кровать,"[""двуспальная кровать""]","[""double""]","[{""bed"": ""double"", ""count"": 1}]",2,2880.00,3800.00,https://ostrovok.ru/hotel/russia/western_siberia_irkutsk_oblast_multi/mid6479321/minihotel_panda
minihotel_panda,6479321,Трёхместный номер Economy (общая ванная комната),3101003,1,1,,,"[""nobedding""]",,3,2880.00,2880.00,https://ostrovok.ru/hotel/russia/western_siberia_irkutsk_oblast_multi/mid6479321/minihotel_panda
minihotel_panda,6479321,Двухместный номер Comfort с видом на город (двуспальная кровать),33023020005,1,1,двуспальная кровать,"[""двуспальная кровать""]","[""double""]","[{""bed"": ""double"", ""count"": 1}]",2,3570.00,3570.00,https://ostrovok.ru/hotel/russia/western_siberia_irkutsk_oblast_multi/mid6479321/minihotel_panda
minihotel_panda,6479321,Трёхместный номер Standard,3202003,1,1,,,"[""nobedding""]",,3,3800.00,3800.00,https://ostrovok.ru/hotel/russia/western_siberia_irkutsk_oblast_multi/mid6479321/minihotel_panda
minihotel_panda,6479321,Двухместный номер Superior (двуспальная кровать),3502302,1,1,двуспальная кровать,"[""двуспальная кровать""]","[""double""]","[{""bed"": ""double"", ""count"": 1}]",2,4200.00,4200.00,https://ostrovok.ru/hotel/russia/western_siberia_irkutsk_oblast_multi/mid6479321/minihotel_panda
